CustomerID,rank,top500,Segment,p_churn,rev90_est,rev_at_risk,recency,frequency,monetary,avg_gap,is_uk
16000,1,True,Champions,0.449,12393.7,5560.074,2,3,12393.7,270.0,1
12357,2,True,Champions,0.667,6207.67,4143.049,33,1,6207.67,270.0,0
18102,3,True,Champions,0.049,76116.188,3758.601,0,53,219891.21,12.333,1
12752,4,True,Loyal,0.705,4366.78,3079.549,81,1,4366.78,270.0,0
18251,5,True,Loyal,0.702,4314.72,3029.366,87,1,4314.72,270.0,1
12536,6,True,Loyal,0.681,4163.98,2835.381,59,1,4163.98,270.0,0
12688,7,True,Loyal,0.717,3847.745,2759.521,113,1,4873.81,270.0,0
12409,8,True,Loyal,0.495,5443.141,2692.6,78,2,11067.72,104.0,0
14096,9,True,Champions,0.054,46992.732,2543.549,4,17,53258.43,6.062,1
17450,10,True,Champions,0.043,57537.514,2470.722,8,39,166858.79,10.957,1
18139,11,True,Champions,0.26,8438.34,2191.163,17,6,8438.34,1.0,1
12433,12,True,Champions,0.233,9380.299,2187.17,0,5,9588.75,30.333,0
12378,13,True,Loyal,0.754,2775.198,2091.956,129,1,4008.62,270.0,0
15195,14,True,Potential Loyalist,0.528,3861.0,2038.41,2,1,3861.0,270.0,1
13422,15,True,Loyal,0.694,2626.3,1822.404,64,1,2626.3,270.0,1
14646,16,True,Champions,0.024,76162.777,1815.899,1,61,220025.8,7.588,0
12753,17,True,Champions,0.398,4369.251,1737.454,22,3,12088.26,113.0,0
16532,18,True,Champions,0.528,3201.882,1691.737,17,2,4838.4,118.0,1
17313,19,True,Potential Loyalist,0.693,2328.84,1612.78,31,1,2328.84,270.0,1
16303,20,True,Champions,0.453,3486.297,1580.367,25,2,4493.45,90.0,1
16281,21,True,Loyal,0.748,2062.06,1542.394,72,1,2062.06,270.0,1
15341,22,True,Loyal,0.742,2020.52,1498.95,80,1,2020.52,270.0,1
16240,23,True,Champions,0.396,3718.8,1474.188,24,2,3718.8,53.0,1
13081,24,True,Champions,0.207,7090.132,1465.891,11,6,20797.72,50.4,1
17084,25,True,Champions,0.528,2747.99,1451.367,35,2,2747.99,270.0,1
16180,26,True,Loyal,0.396,3647.732,1445.652,100,8,10254.18,25.333,1
14088,27,True,Champions,0.069,20200.797,1398.015,10,12,42870.58,18.0,1
17672,28,True,Champions,0.709,1969.73,1396.01,50,1,1969.73,270.0,1
14887,29,True,Loyal,0.734,1862.0,1366.909,79,1,1862.0,270.0,1
16984,30,True,Loyal,0.452,3025.903,1366.774,88,2,4404.37,42.0,1
12415,31,True,Champions,0.036,37560.496,1353.497,24,15,86389.14,20.222,0
16380,32,True,Loyal,0.754,1743.15,1314.34,61,1,1743.15,270.0,1
16751,33,True,Potential Loyalist,0.742,1764.72,1308.741,30,1,1764.72,270.0,1
13763,34,True,Loyal,0.761,1714.96,1305.706,63,1,1714.96,270.0,1
15947,35,True,Loyal,0.764,1708.24,1304.906,82,1,1708.24,270.0,1
12931,36,True,Champions,0.101,12778.707,1284.452,21,12,38336.12,27.556,1
12798,37,True,Champions,0.339,3672.126,1246.021,10,3,6977.04,80.0,0
17509,38,True,Champions,0.204,6083.64,1240.552,57,8,6083.64,3.0,1
13868,39,True,Champions,0.386,3192.54,1231.334,7,2,3192.54,31.0,1
15786,40,True,Champions,0.311,3849.652,1196.703,46,3,4919.0,68.0,1
12435,41,True,Loyal,0.451,2629.441,1185.216,79,2,7829.89,188.0,0
12830,42,True,Champions,0.328,3565.8,1168.339,37,6,6814.64,33.5,1
17396,43,True,Champions,0.274,4177.027,1144.435,39,6,6915.3,54.5,1
14306,44,True,Champions,0.543,2093.32,1136.464,51,2,2093.32,34.0,1
17679,45,True,Champions,0.562,1992.11,1119.434,52,2,1992.11,33.0,1
17404,46,True,Champions,0.131,8494.845,1112.403,25,7,20010.08,31.0,0
12371,47,True,Loyal,0.724,1527.96,1106.853,59,1,1527.96,270.0,0
16029,48,True,Champions,0.1,11062.97,1104.023,38,41,32451.38,9.375,1
12906,49,True,Champions,0.376,2919.81,1099.297,11,5,2919.81,67.0,1
15321,50,True,Loyal,0.674,1588.84,1071.393,70,2,1588.84,270.0,1
17317,51,True,Champions,0.409,2600.34,1063.006,46,3,2600.34,21.5,1
15372,52,True,Loyal,0.8,1309.174,1047.945,137,1,2007.4,270.0,1
12557,53,True,Champions,0.374,2785.391,1042.151,16,3,7953.84,120.0,0
16041,54,True,Champions,0.517,2006.873,1038.031,30,3,3166.4,111.0,1
16986,55,True,Champions,0.544,1873.2,1018.288,29,2,1873.2,1.0,1
18073,56,True,Loyal,0.58,1754.464,1017.037,114,12,3859.82,9.222,1
18259,57,True,Champions,0.517,1962.3,1015.319,24,2,1962.3,61.0,1
15782,58,True,Champions,0.386,2614.74,1009.208,9,3,2614.74,40.0,1
14911,59,True,Champions,0.028,36304.117,1008.838,1,167,108912.35,2.528,0
12349,60,True,Champions,0.688,1457.55,1003.189,18,1,1457.55,270.0,0
14164,61,True,Loyal,0.615,1631.77,1002.901,70,2,1631.77,10.0,1
12980,62,True,Loyal,0.634,1578.694,1000.328,157,4,3701.16,17.667,1
12398,63,True,Potential Loyalist,0.694,1435.66,996.214,45,1,1435.66,270.0,0
17354,64,True,Champions,0.715,1393.06,995.506,50,1,1393.06,270.0,1
14866,65,True,Champions,0.111,8918.341,992.028,10,10,14071.16,16.375,1
16902,66,True,Loyal,0.755,1312.985,991.043,116,1,1706.88,270.0,1
17728,67,True,Champions,0.343,2876.01,987.043,3,3,2876.01,41.5,1
13851,68,True,Loyal,0.584,1678.005,979.925,95,2,2405.14,33.0,1
16182,69,True,Loyal,0.382,2555.581,976.692,72,3,5792.65,65.5,1
17919,70,True,Loyal,0.734,1304.04,957.218,88,1,1304.04,270.0,1
12406,71,True,Champions,0.586,1612.027,944.338,22,2,3295.7,161.0,0
13340,72,True,Champions,0.215,4351.099,934.297,45,6,7058.45,33.333,1
15485,73,True,Champions,0.719,1296.37,932.733,30,1,1296.37,270.0,1
17082,74,True,Champions,0.679,1366.91,928.519,33,1,1366.91,270.0,1
12438,75,True,Potential Loyalist,0.589,1574.585,927.872,14,2,2466.85,126.0,0
12678,76,True,Champions,0.163,5649.006,922.177,42,7,15942.75,42.2,0
13878,77,True,Champions,0.712,1271.57,905.06,54,1,1271.57,270.0,1
16101,78,True,Loyal,0.715,1263.2,902.851,70,1,1263.2,270.0,1
16126,79,True,Champions,0.342,2625.285,898.994,29,3,5396.42,77.5,1
13027,80,True,Loyal,0.488,1830.781,893.48,113,5,5472.0,38.75,1
17037,81,True,Loyal,0.696,1267.32,882.155,87,1,1267.32,270.0,1
15676,82,True,Champions,0.35,2488.16,871.535,18,2,2488.16,17.0,1
14566,83,True,Loyal,0.743,1161.081,862.45,110,1,1432.0,270.0,0
15484,84,True,Champions,0.241,3559.21,856.945,1,4,3559.21,25.667,1
12359,85,True,Champions,0.454,1858.557,843.767,57,2,3923.62,132.0,0
15978,86,True,Loyal,0.767,1098.78,843.044,77,1,1098.78,270.0,1
15113,87,True,Champions,0.252,3339.12,842.822,9,3,3339.12,22.5,1
12939,88,True,Loyal,0.298,2818.8,839.719,64,5,4353.48,37.0,1
12744,89,True,Champions,0.328,2554.453,836.979,56,3,7067.32,96.0,0
12432,90,True,Champions,0.362,2267.854,821.241,42,4,4359.32,130.0,0
17723,91,True,Loyal,0.595,1371.516,816.424,127,6,3276.4,17.4,1
14488,92,True,Need Attention,0.767,1064.28,815.823,67,1,1064.28,270.0,1
13850,93,True,Loyal,0.737,1104.563,813.513,129,1,1595.48,270.0,1
14459,94,True,Loyal,0.764,1060.338,810.198,155,1,1837.92,270.0,1
17553,95,True,Loyal,0.786,1029.877,809.046,129,1,1487.6,270.0,1
13853,96,True,Potential Loyalist,0.742,1090.14,808.89,57,1,1090.14,270.0,1
14125,97,True,Champions,0.297,2720.63,807.338,10,3,2720.63,34.0,1
14212,98,True,Loyal,0.753,1070.48,805.848,89,1,1070.48,270.0,1
14934,99,True,Loyal,0.758,1062.1,805.455,81,1,1062.1,270.0,0
13635,100,True,Loyal,0.748,1071.03,801.637,67,1,1071.03,270.0,1
13639,101,True,Loyal,0.775,1033.34,800.852,74,1,1033.34,270.0,1
12611,102,True,Potential Loyalist,0.665,1193.32,793.267,52,1,1193.32,270.0,0
16563,103,True,Champions,0.735,1077.74,792.265,53,1,1077.74,270.0,1
15478,104,True,Champions,0.561,1399.92,785.89,40,2,1399.92,16.0,1
17203,105,True,Champions,0.22,3560.08,783.771,35,6,3560.08,12.5,1
14175,106,True,Loyal,0.509,1517.295,772.982,59,2,2899.72,112.0,1
14250,107,True,Champions,0.406,1904.05,772.502,7,3,1904.05,82.0,1
14680,108,True,Champions,0.113,6823.93,770.336,25,11,19410.29,23.0,1
17107,109,True,Champions,0.202,3794.757,766.332,33,5,8812.27,58.333,1
12397,110,True,Potential Loyalist,0.52,1465.743,762.247,35,2,2214.9,100.0,0
18188,111,True,Champions,0.479,1574.44,753.81,15,2,1574.44,62.0,1
16260,112,True,Potential Loyalist,0.721,1035.45,746.686,50,1,1035.45,270.0,1
12477,113,True,Champions,0.184,4042.984,742.882,22,5,10781.29,54.25,0
17353,114,True,Loyal,0.733,1010.323,740.242,129,2,1740.0,25.0,1
18192,115,True,Need Attention,0.77,957.97,737.871,71,1,957.97,270.0,1
12497,116,True,Loyal,0.77,953.1,734.276,81,1,953.1,270.0,0
17197,117,True,Potential Loyalist,0.721,1013.01,730.87,29,1,1013.01,270.0,1
16120,118,True,Loyal,0.558,1309.14,730.619,59,4,1309.14,270.0,1
14364,119,True,Loyal,0.459,1578.12,723.85,108,8,3717.35,17.167,1
12424,120,True,Loyal,0.743,972.309,722.535,162,2,1760.96,270.0,0
13421,121,True,Champions,0.712,1008.67,718.523,40,1,1008.67,270.0,1
12446,122,True,Potential Loyalist,0.709,1002.31,710.697,57,1,1002.31,270.0,0
17444,123,True,Loyal,0.572,1242.884,710.377,151,2,2389.1,21.0,0
17924,124,True,Champions,0.287,2460.3,706.232,11,5,2460.3,28.0,1
18194,125,True,Loyal,0.788,896.0,706.114,82,1,896.0,270.0,1
13396,126,True,Potential Loyalist,0.722,973.72,703.37,29,1,973.72,270.0,1
14769,127,True,Champions,0.216,3237.908,700.739,2,6,9533.84,52.4,1
17244,128,True,Champions,0.732,954.9,699.424,53,1,954.9,270.0,1
17727,129,True,Potential Loyalist,0.665,1042.55,692.918,15,1,1042.55,270.0,1
14251,130,True,Champions,0.24,2879.7,690.97,1,5,2879.7,14.0,1
15255,131,True,Loyal,0.775,890.85,690.803,66,1,890.85,270.0,1
16684,132,True,Champions,0.036,18964.308,688.382,4,22,56260.78,26.2,1
13373,133,True,Loyal,0.523,1315.783,687.779,60,2,2324.55,98.0,1
12578,134,True,Champions,0.695,989.85,687.712,21,1,989.85,270.0,0
13802,135,True,Loyal,0.635,1081.652,687.118,138,2,3064.68,116.0,1
14930,136,True,Loyal,0.658,1039.401,684.322,108,2,1258.83,270.0,0
17044,137,True,Champions,0.721,948.48,683.698,25,1,948.48,270.0,1
13689,138,True,Loyal,0.751,910.0,683.288,63,1,910.0,270.0,1
15502,139,True,Champions,0.22,3090.716,680.22,15,6,4258.32,36.0,1
12653,140,True,Loyal,0.787,864.211,679.76,148,1,1430.75,270.0,0
17004,141,True,Champions,0.529,1269.813,671.964,46,2,1312.14,46.0,1
14015,142,True,Potential Loyalist,0.732,917.34,671.159,52,1,917.34,270.0,1
16360,143,True,Champions,0.199,3372.71,671.091,4,6,3372.71,16.8,1
13979,144,True,Loyal,0.771,869.87,670.728,73,1,869.87,270.0,1
13941,145,True,Champions,0.427,1566.628,669.141,21,3,2994.0,75.0,1
12560,146,True,Potential Loyalist,0.558,1198.756,669.022,5,2,1918.01,138.0,0
13224,147,True,Loyal,0.523,1274.773,667.173,60,2,2152.95,91.0,1
17426,148,True,Champions,0.343,1942.353,667.001,8,5,3798.38,83.5,1
17131,149,True,Champions,0.27,2463.17,665.085,5,5,2463.17,23.333,1
12758,150,True,Loyal,0.708,939.538,664.992,116,1,1221.4,270.0,0
12913,151,True,Champions,0.411,1617.24,664.589,4,2,1617.24,11.0,1
17602,152,True,Champions,0.218,3047.018,663.361,2,5,4231.97,30.5,1
17949,153,True,Champions,0.032,20882.026,659.004,1,34,49884.84,10.65,1
13431,154,True,Loyal,0.519,1269.1,658.163,67,2,1269.1,21.0,1
13536,155,True,Champions,0.191,3444.39,657.159,1,7,3444.39,12.333,1
17183,156,True,Champions,0.232,2827.664,655.872,7,6,3330.36,19.6,1
13685,157,True,Champions,0.21,3119.44,653.807,2,7,3119.44,11.6,1
13555,158,True,Loyal,0.355,1826.234,648.681,73,4,4098.88,128.0,1
17311,159,True,Loyal,0.782,828.39,648.109,78,1,828.39,270.0,1
16934,160,True,Champions,0.692,931.03,644.599,54,2,931.03,270.0,1
14608,161,True,Champions,0.406,1581.15,641.489,4,3,1581.15,40.5,1
16108,162,True,Loyal,0.785,816.1,640.237,84,1,816.1,270.0,1
17100,163,True,Potential Loyalist,0.658,971.74,639.638,18,2,971.74,270.0,1
14544,164,True,Champions,0.708,902.53,638.795,24,1,902.53,270.0,1
15050,165,True,Champions,0.376,1682.77,631.956,25,3,1682.77,46.0,1
15576,166,True,Potential Loyalist,0.684,921.37,630.303,37,1,921.37,270.0,1
12842,167,True,Loyal,0.778,808.26,628.887,70,1,808.26,270.0,1
12405,168,True,Loyal,0.747,839.833,627.492,148,1,1390.39,270.0,0
16800,169,True,Potential Loyalist,0.539,1162.65,627.211,11,1,1162.65,270.0,1
15398,170,True,Potential Loyalist,0.464,1345.53,623.766,16,2,1345.53,62.0,1
14121,171,True,Champions,0.224,2780.15,622.684,3,4,2780.15,18.667,1
16553,172,True,Loyal,0.55,1130.941,622.127,163,7,2927.88,34.5,1
15067,173,True,Loyal,0.69,896.71,618.88,78,2,896.71,270.0,1
14049,174,True,Champions,0.303,2037.6,617.351,16,3,4550.64,92.0,1
16940,175,True,Champions,0.508,1213.518,616.294,52,2,2292.2,117.0,1
13336,176,True,Need Attention,0.775,795.12,615.824,77,1,795.12,270.0,1
14918,177,True,Loyal,0.656,934.926,613.549,115,2,1610.15,39.0,1
16083,178,True,Loyal,0.703,872.947,613.401,100,1,979.64,270.0,1
15111,179,True,Champions,0.479,1278.98,612.938,29,2,1278.98,37.0,1
12882,180,True,Potential Loyalist,0.419,1463.04,612.862,9,2,1463.04,24.0,1
12550,181,True,Need Attention,0.741,824.83,611.515,79,1,824.83,270.0,0
15066,182,True,Potential Loyalist,0.729,833.24,607.709,53,1,833.24,270.0,1
16669,183,True,Potential Loyalist,0.449,1344.48,603.43,23,2,1344.48,55.0,1
14258,184,True,Champions,0.212,2847.328,603.289,9,7,8383.8,51.0,1
12762,185,True,Potential Loyalist,0.352,1702.52,600.013,7,2,1702.52,18.0,0
14567,186,True,Potential Loyalist,0.57,1051.392,599.495,56,2,1530.36,74.0,1
12950,187,True,Champions,0.325,1843.0,599.468,2,3,1843.0,11.0,1
15531,188,True,Potential Loyalist,0.303,1972.39,598.082,8,2,1972.39,22.0,1
13344,189,True,Loyal,0.698,855.54,597.59,67,2,855.54,270.0,1
12739,190,True,Loyal,0.678,877.986,595.475,99,1,975.54,270.0,0
12646,191,True,Potential Loyalist,0.441,1346.97,593.994,4,2,1346.97,45.0,0
15075,192,True,Need Attention,0.768,773.03,593.323,77,1,773.03,270.0,1
17593,193,True,Champions,0.338,1749.32,591.08,3,4,3245.96,54.333,1
13356,194,True,Need Attention,0.768,768.24,590.084,80,1,768.24,270.0,1
13814,195,True,Loyal,0.578,1018.774,588.641,92,2,1562.12,45.0,0
13297,196,True,Champions,0.282,2089.85,588.579,7,4,2089.85,30.0,1
16160,197,True,Loyal,0.573,1025.44,587.555,65,2,1025.44,20.0,1
12451,198,True,Champions,0.234,2496.99,585.44,10,4,6076.01,69.333,0
13375,199,True,Loyal,0.75,778.65,584.225,88,1,778.65,270.0,1
16653,200,True,Potential Loyalist,0.488,1197.81,584.119,16,2,1197.81,55.0,1
12425,201,True,Loyal,0.751,777.2,583.459,78,1,777.2,270.0,0
12847,202,True,Potential Loyalist,0.69,843.64,581.911,22,1,843.64,270.0,1
12840,203,True,Loyal,0.538,1081.098,581.559,143,4,2726.77,27.667,1
16480,204,True,Need Attention,0.755,769.29,580.442,75,1,769.29,270.0,1
15123,205,True,Champions,0.607,956.222,580.238,7,2,2199.31,199.0,1
13471,206,True,Champions,0.232,2501.84,579.744,1,4,2501.84,15.333,1
16379,207,True,Champions,0.271,2131.9,578.809,4,4,2131.9,24.667,1
12685,208,True,Champions,0.234,2465.502,577.905,28,6,2575.08,13.0,0
14418,209,True,Champions,0.359,1599.564,574.002,3,3,1937.25,52.5,1
14360,210,True,Champions,0.284,2006.555,570.816,31,4,2118.03,31.5,1
13791,211,True,Loyal,0.706,807.337,569.958,127,2,1516.0,41.0,1
14286,212,True,Champions,0.334,1704.93,569.511,23,3,4603.31,109.5,1
12484,213,True,Champions,0.384,1481.008,568.963,35,3,2912.65,70.5,0
16102,214,True,Champions,0.438,1285.214,563.358,42,3,1842.14,43.0,1
13507,215,True,Champions,0.368,1528.249,561.664,3,4,2479.16,47.333,1
17095,216,True,Champions,0.72,780.2,561.545,22,1,780.2,270.0,1
14261,217,True,Potential Loyalist,0.483,1163.45,561.485,50,2,1163.45,28.0,1
13815,218,True,Champions,0.393,1428.217,561.4,22,3,2745.35,75.0,0
13354,219,True,Need Attention,0.754,743.53,560.9,71,1,743.53,270.0,1
14229,220,True,Champions,0.713,785.07,559.941,51,1,785.07,270.0,1
14113,221,True,Champions,0.398,1406.92,559.865,3,3,1406.92,37.5,1
15088,222,True,Potential Loyalist,0.48,1160.07,557.028,21,2,1160.07,46.0,1
14936,223,True,Champions,0.166,3354.883,556.708,33,7,6560.66,47.333,0
14607,224,True,Champions,0.215,2585.755,555.384,15,8,7527.42,49.2,1
12865,225,True,Champions,0.488,1138.231,555.148,26,2,1568.23,97.0,0
13949,226,True,Champions,0.241,2299.566,553.253,2,6,2427.32,18.4,1
14016,227,True,Loyal,0.46,1195.823,549.519,161,3,3587.47,54.0,0
15494,228,True,Champions,0.582,944.69,549.345,21,2,1280.58,100.0,1
12965,229,True,Need Attention,0.713,769.81,548.884,89,1,769.81,270.0,1
16652,230,True,Champions,0.255,2151.892,548.269,58,5,5092.81,77.0,1
15382,231,True,Champions,0.26,2105.527,547.605,14,5,4936.29,65.333,1
13324,232,True,Champions,0.245,2226.426,546.471,36,8,6011.35,68.667,1
16505,233,True,Potential Loyalist,0.702,777.6,545.756,31,1,777.6,270.0,1
16253,234,True,Loyal,0.421,1295.107,545.167,66,2,3683.86,189.0,1
16053,235,True,Champions,0.492,1106.305,544.83,32,2,1511.95,90.0,1
14277,236,True,Champions,0.33,1644.845,542.915,15,3,3892.8,98.5,0
12822,237,True,Loyal,0.589,918.98,541.338,70,2,918.98,17.0,1
15443,238,True,Champions,0.237,2251.661,532.791,1,6,2752.03,21.6,1
13644,239,True,Champions,0.241,2206.919,532.76,16,4,2599.26,29.667,1
15228,240,True,Loyal,0.405,1313.926,532.304,66,3,2481.86,51.5,1
15004,241,True,Loyal,0.712,742.123,528.438,147,1,1220.38,270.0,1
13325,242,True,Need Attention,0.782,675.3,528.082,81,1,675.3,270.0,1
13365,243,True,Potential Loyalist,0.579,911.361,527.714,33,2,2207.52,184.0,1
15903,244,True,Champions,0.269,1960.058,526.837,9,6,4965.48,43.6,1
13726,245,True,Potential Loyalist,0.545,962.073,524.391,38,2,1079.66,62.0,1
17500,246,True,Potential Loyalist,0.46,1138.0,524.012,17,3,1138.0,6.0,1
15704,247,True,Loyal,0.548,955.675,523.682,140,4,2293.62,37.5,1
15769,248,True,Champions,0.04,12998.7,523.676,7,18,38707.24,18.571,1
14856,249,True,Champions,0.405,1290.53,523.293,36,3,1290.53,20.0,1
14923,250,True,Potential Loyalist,0.698,749.1,523.071,50,1,749.1,270.0,1
12772,251,True,Need Attention,0.693,752.47,521.754,59,1,752.47,270.0,0
14156,252,True,Champions,0.019,27293.22,521.618,9,42,81879.66,7.647,0
14387,253,True,Champions,0.368,1413.491,520.165,32,3,1727.6,38.5,1
16491,254,True,Potential Loyalist,0.709,731.5,518.544,46,1,731.5,270.0,1
13931,255,True,Loyal,0.644,805.612,518.471,95,1,859.32,270.0,1
13823,256,True,Champions,0.553,936.841,517.704,18,2,957.66,73.0,1
12370,257,True,Champions,0.7,739.28,517.478,51,1,739.28,270.0,0
15505,258,True,Champions,0.256,2017.581,516.152,52,5,3497.14,25.75,1
17434,259,True,Champions,0.219,2348.87,514.808,2,7,2348.87,13.833,1
14894,260,True,Loyal,0.783,655.75,513.545,85,1,655.75,270.0,1
15763,261,True,Potential Loyalist,0.484,1061.42,513.434,31,2,1061.42,46.0,1
14101,262,True,Loyal,0.365,1403.579,512.422,73,4,4132.76,63.667,1
15427,263,True,Champions,0.357,1430.54,510.654,33,3,1430.54,14.0,1
14554,264,True,Champions,0.223,2279.49,509.099,10,4,2279.49,14.0,1
12876,265,True,Champions,0.541,937.928,507.08,57,2,2053.02,139.0,0
12612,266,True,Need Attention,0.757,668.04,505.47,74,1,668.04,270.0,0
17144,267,True,Potential Loyalist,0.513,984.57,504.844,1,2,984.57,83.0,1
12749,268,True,Champions,0.297,1699.436,504.84,3,5,4040.88,70.0,1
18104,269,True,Potential Loyalist,0.668,754.64,503.98,37,1,754.64,270.0,1
14305,270,True,Loyal,0.412,1218.481,501.991,71,3,1841.26,32.0,1
12627,271,True,Champions,0.192,2605.87,499.567,10,6,4082.53,26.0,0
17761,272,True,Potential Loyalist,0.7,712.78,499.225,32,1,712.78,270.0,1
18092,273,True,Champions,0.212,2351.218,498.621,2,7,5956.42,45.0,1
14893,274,True,Champions,0.402,1237.85,497.837,9,2,1237.85,2.0,1
15814,275,True,Champions,0.256,1945.33,497.797,16,4,1945.33,17.0,1
14756,276,True,Champions,0.672,738.96,496.747,15,1,738.96,270.0,1
13658,277,True,Champions,0.457,1085.343,496.31,9,5,2472.17,97.5,1
12388,278,True,Champions,0.408,1216.758,496.06,15,3,2014.41,66.5,0
13211,279,True,Champions,0.537,923.175,495.758,10,2,984.72,85.0,1
16873,280,True,Champions,0.272,1816.822,494.297,4,5,4965.98,60.25,1
17386,281,True,Champions,0.338,1456.493,492.913,7,6,2686.42,52.667,1
13680,282,True,Champions,0.371,1327.53,492.905,1,2,1327.53,38.0,1
12731,283,True,Champions,0.096,5158.375,492.807,23,10,14558.08,28.75,0
13032,284,True,Champions,0.488,1010.18,492.781,52,2,1010.18,35.0,1
12429,285,True,Champions,0.554,888.513,492.391,9,3,2250.9,109.0,0
13464,286,True,Champions,0.729,674.68,491.877,58,1,674.68,270.0,1
18093,287,True,Loyal,0.668,735.62,491.676,93,2,989.0,27.0,1
14138,288,True,Potential Loyalist,0.508,965.88,490.508,1,2,965.88,62.0,1
14897,289,True,Champions,0.412,1190.88,490.31,7,3,1190.88,40.5,1
14644,290,True,Loyal,0.759,643.26,488.089,67,1,643.26,270.0,1
15245,291,True,Loyal,0.565,864.22,487.992,134,3,2515.84,63.5,1
15392,292,True,Champions,0.405,1196.55,485.015,4,3,1196.55,42.0,1
17640,293,True,Loyal,0.78,621.66,484.984,86,1,621.66,270.0,1
13518,294,True,Need Attention,0.772,627.16,483.992,85,1,627.16,270.0,1
13448,295,True,Champions,0.44,1099.479,483.744,16,3,2675.4,101.0,1
15444,296,True,Potential Loyalist,0.343,1411.21,483.404,9,2,1411.21,31.0,1
17686,297,True,Champions,0.26,1856.799,482.254,7,6,4146.85,64.333,1
14414,298,True,Loyal,0.573,840.731,481.76,91,6,1279.78,9.0,1
18082,299,True,Potential Loyalist,0.707,680.84,481.569,25,1,680.84,270.0,1
15473,300,True,Champions,0.379,1261.2,478.261,14,3,1261.2,23.0,1
14432,301,True,Champions,0.213,2248.5,478.229,9,6,2248.5,16.0,1
14725,302,True,Champions,0.729,655.58,478.216,24,1,655.58,270.0,1
16169,303,True,Champions,0.262,1822.97,478.178,8,4,1822.97,22.333,1
14299,304,True,Champions,0.24,1986.442,477.68,8,5,2383.73,24.75,1
13186,305,True,Champions,0.433,1099.458,476.606,39,3,1575.89,44.5,1
12856,306,True,Champions,0.219,2170.78,475.782,7,6,2170.78,11.2,1
12546,307,True,Potential Loyalist,0.475,1001.5,475.436,46,2,1001.5,31.0,0
15480,308,True,Loyal,0.682,696.538,474.717,116,1,905.5,270.0,0
14440,309,True,Champions,0.405,1171.97,474.585,8,3,1171.97,32.0,1
15322,310,True,Loyal,0.775,612.12,474.381,85,1,612.12,270.0,1
16613,311,True,Need Attention,0.766,618.59,473.836,70,1,618.59,270.0,1
13165,312,True,Champions,0.709,666.84,472.795,46,1,666.84,270.0,1
12534,313,True,Need Attention,0.7,674.093,471.817,130,1,981.18,270.0,0
12475,314,True,Potential Loyalist,0.705,669.38,471.754,53,1,669.38,270.0,0
14971,315,True,Potential Loyalist,0.43,1097.98,471.7,35,3,1097.98,8.0,1
16745,316,True,Loyal,0.252,1866.786,470.176,86,12,5413.68,15.818,1
16070,317,True,Potential Loyalist,0.552,852.15,470.148,22,2,852.15,10.0,1
13174,318,True,Champions,0.663,708.76,469.694,16,1,708.76,270.0,1
16708,319,True,Potential Loyalist,0.715,656.63,469.504,45,1,656.63,270.0,1
17584,320,True,Champions,0.543,862.945,468.765,7,2,1227.3,120.0,1
14434,321,True,Champions,0.341,1372.8,468.156,21,6,1372.8,10.2,1
15677,322,True,Champions,0.711,657.23,467.253,49,1,657.23,270.0,1
12643,323,True,Loyal,0.52,898.55,466.803,128,5,2206.44,30.667,0
15653,324,True,Loyal,0.685,680.772,466.188,92,2,877.44,23.0,1
16201,325,True,Champions,0.309,1504.039,464.308,3,4,1838.27,35.333,1
13722,326,True,Loyal,0.746,621.777,463.576,131,2,911.94,270.0,1
16141,327,True,Loyal,0.745,620.4,461.999,88,1,620.4,270.0,1
12940,328,True,Potential Loyalist,0.513,899.69,461.318,54,2,899.69,33.0,1
12526,329,True,Potential Loyalist,0.415,1110.941,461.012,0,3,1172.66,47.0,0
13447,330,True,Potential Loyalist,0.408,1129.14,460.484,23,3,1129.14,6.0,1
12603,331,True,Potential Loyalist,0.751,613.2,460.275,21,1,613.2,270.0,0
17788,332,True,Loyal,0.597,770.504,460.172,73,2,1112.95,56.0,1
16333,333,True,Champions,0.058,7896.465,459.438,7,18,22197.84,30.625,1
14937,334,True,Champions,0.411,1114.269,458.019,56,3,1621.88,74.0,0
13607,335,True,Potential Loyalist,0.678,675.51,457.93,40,1,675.51,270.0,1
17985,336,True,Potential Loyalist,0.725,631.35,457.921,22,1,631.35,270.0,1
16079,337,True,Champions,0.339,1352.0,457.812,16,3,1352.0,12.0,1
16127,338,True,Potential Loyalist,0.697,656.25,457.177,39,1,656.25,270.0,1
13075,339,True,Need Attention,0.715,636.653,455.375,129,1,919.61,270.0,1
12985,340,True,Potential Loyalist,0.374,1215.62,454.672,0,2,1215.62,28.0,1
14907,341,True,Champions,0.295,1536.634,454.075,3,4,2526.91,48.0,1
17340,342,True,Champions,0.154,2949.0,453.641,29,9,7962.3,42.6,1
15838,343,True,Champions,0.043,10487.102,453.305,11,16,29130.84,21.636,1
15569,344,True,Loyal,0.611,741.28,453.253,103,4,1087.21,14.0,1
17768,345,True,Champions,0.403,1121.982,452.529,8,3,2081.9,79.0,1
17061,346,True,Loyal,0.229,1976.188,452.214,73,11,5116.13,19.875,1
12689,347,True,Potential Loyalist,0.562,801.288,450.094,25,2,1139.61,102.0,0
16056,348,True,Potential Loyalist,0.692,650.75,449.998,45,1,650.75,270.0,1
13209,349,True,Champions,0.208,2155.82,449.222,30,6,5461.41,65.667,1
15977,350,True,Potential Loyalist,0.426,1054.73,448.835,17,2,1054.73,22.0,1
18228,351,True,Potential Loyalist,0.575,779.9,448.407,56,2,779.9,23.0,1
14409,352,True,Loyal,0.536,836.01,448.215,71,3,1393.35,39.0,1
17086,353,True,Champions,0.218,2050.08,447.237,7,6,2050.08,11.2,1
17590,354,True,Champions,0.305,1466.77,446.667,2,3,1466.77,19.0,1
17934,355,True,Potential Loyalist,0.634,704.25,446.532,51,2,704.25,7.0,1
17397,356,True,Champions,0.654,681.41,445.921,22,2,681.41,270.0,1
16049,357,True,Champions,0.414,1074.81,445.288,40,3,1074.81,17.5,1
15993,358,True,Champions,0.162,2753.02,444.918,8,7,2753.02,9.0,1
17545,359,True,Champions,0.692,642.32,444.605,43,3,642.32,270.0,1
14842,360,True,Champions,0.379,1172.784,444.285,43,3,2501.94,74.0,1
14503,361,True,Champions,0.249,1781.527,444.118,3,6,3543.26,35.0,1
12374,362,True,Champions,0.713,622.93,444.105,25,1,622.93,270.0,0
15074,363,True,Loyal,0.71,624.625,443.347,105,1,735.67,270.0,1
17092,364,True,Champions,0.381,1161.588,442.633,50,3,1639.13,38.0,1
14952,365,True,Loyal,0.172,2559.661,441.441,59,8,5915.66,37.0,1
14356,366,True,Loyal,0.645,683.89,440.986,79,2,683.89,2.0,1
16919,367,True,Loyal,0.594,741.773,440.247,156,9,2052.24,11.5,1
12473,368,True,Champions,0.367,1197.436,440.043,53,3,2554.53,69.0,0
14055,369,True,Loyal,0.721,610.351,440.003,106,1,725.64,270.0,1
14639,370,True,Champions,0.338,1301.177,439.873,52,4,1749.36,68.0,1
14382,371,True,Potential Loyalist,0.714,615.49,439.433,26,1,615.49,270.0,1
18079,372,True,Champions,0.323,1360.6,438.946,45,4,3613.15,96.5,1
14216,373,True,Champions,0.238,1839.3,438.57,3,4,1839.3,11.333,1
12420,374,True,Need Attention,0.73,600.39,438.161,63,1,600.39,270.0,0
15351,375,True,Champions,0.268,1635.09,438.069,12,6,1635.09,13.4,1
16140,376,True,Loyal,0.749,584.04,437.304,65,1,584.04,270.0,1
17656,377,True,Loyal,0.374,1168.388,436.986,73,5,1674.69,13.75,1
13225,378,True,Champions,0.293,1488.865,436.558,3,4,3258.96,64.333,1
12449,379,True,Champions,0.254,1721.628,436.518,22,4,3596.29,55.0,0
18167,380,True,Champions,0.426,1024.523,436.454,23,3,1206.66,41.0,1
12794,381,True,Potential Loyalist,0.557,782.191,435.796,53,2,860.41,45.0,0
13082,382,True,Loyal,0.404,1078.063,435.627,126,8,3234.19,28.6,1
13350,383,True,Potential Loyalist,0.524,829.17,434.071,16,2,829.17,63.0,1
12488,384,True,Champions,0.349,1244.66,434.027,9,3,1244.66,33.0,0
14595,385,True,Champions,0.275,1576.8,433.981,19,5,1576.8,16.5,1
12916,386,True,Loyal,0.581,745.779,433.649,138,3,2137.9,59.5,1
16732,387,True,Champions,0.718,603.75,433.339,31,1,603.75,270.0,1
15089,388,True,Champions,0.256,1688.958,432.841,10,6,2420.84,23.6,1
14422,389,True,Champions,0.302,1431.819,432.049,0,6,4263.64,53.4,1
15720,390,True,Potential Loyalist,0.721,598.73,431.655,24,1,598.73,270.0,1
13334,391,True,Loyal,0.491,878.857,431.136,82,2,1865.13,108.0,1
17389,392,True,Champions,0.039,11168.02,430.444,0,27,30525.92,10.208,1
15311,393,True,Champions,0.029,14639.227,429.637,0,59,40664.52,4.293,1
12635,394,True,Loyal,0.49,876.298,429.481,89,2,1509.18,65.0,0
13517,395,True,Loyal,0.401,1064.21,427.273,59,3,2128.42,60.0,1
15950,396,True,Champions,0.4,1061.697,425.171,31,3,1262.24,37.5,1
15645,397,True,Potential Loyalist,0.694,611.59,424.653,18,1,611.59,270.0,1
16875,398,True,Loyal,0.53,800.963,424.149,67,2,1290.44,77.0,1
14629,399,True,Potential Loyalist,0.443,955.26,423.551,4,2,955.26,43.0,1
15275,400,True,Potential Loyalist,0.687,615.14,422.371,37,1,615.14,270.0,1
16258,401,True,Champions,0.198,2128.709,422.207,45,5,5203.51,43.5,1
16416,402,True,Champions,0.409,1031.4,421.875,26,3,1031.4,15.0,1
13115,403,True,Champions,0.383,1100.325,421.854,11,4,2261.78,57.667,1
12658,404,True,Potential Loyalist,0.667,632.05,421.713,18,1,632.05,270.0,0
12381,405,True,Champions,0.385,1094.858,421.669,4,3,1459.81,57.5,0
15791,406,True,Champions,0.595,708.01,421.515,43,2,1612.69,161.0,1
17951,407,True,Champions,0.699,599.04,418.991,39,1,599.04,270.0,1
17838,408,True,Loyal,0.73,572.8,418.403,89,1,572.8,270.0,1
12952,409,True,Champions,0.301,1387.79,417.738,5,4,1387.79,36.5,1
13260,410,True,Need Attention,0.747,557.62,416.346,61,1,557.62,270.0,1
14753,411,True,Loyal,0.739,563.15,416.196,87,1,563.15,270.0,1
18022,412,True,Champions,0.678,612.72,415.691,35,1,612.72,270.0,1
14904,413,True,Champions,0.405,1025.44,415.132,2,2,1025.44,23.0,1
12630,414,True,Potential Loyalist,0.402,1030.88,414.046,9,2,1030.88,34.0,0
16367,415,True,Champions,0.653,633.58,413.625,37,1,633.58,270.0,1
16284,416,True,Potential Loyalist,0.509,812.68,413.527,31,2,812.68,19.0,1
13390,417,True,Need Attention,0.76,544.08,413.505,74,1,544.08,270.0,1
15272,418,True,Champions,0.572,721.94,412.814,57,2,721.94,29.0,1
13924,419,True,Champions,0.228,1804.1,411.838,1,6,1804.1,14.2,1
16671,420,True,Champions,0.446,923.056,411.774,28,3,1692.27,68.0,1
12716,421,True,Potential Loyalist,0.635,647.12,410.987,3,2,963.49,130.0,0
15621,422,True,Champions,0.338,1214.07,410.694,4,4,1214.07,8.5,1
12963,423,True,Champions,0.275,1490.83,410.597,8,7,1490.83,15.2,1
17997,424,True,Loyal,0.397,1032.469,410.279,74,8,1892.86,12.857,1
16268,425,True,Loyal,0.664,617.65,409.857,71,2,617.65,270.0,1
15980,426,True,Loyal,0.484,846.656,409.538,88,3,2398.86,166.0,1
15416,427,True,Loyal,0.418,978.405,409.299,64,3,2609.08,87.5,1
14290,428,True,Champions,0.266,1537.09,409.196,11,4,1537.09,23.333,1
14179,429,True,Potential Loyalist,0.583,701.57,409.186,40,2,701.57,12.0,1
18145,430,True,Champions,0.413,988.92,408.161,12,3,2252.54,96.0,1
18143,431,True,Loyal,0.643,633.904,407.508,116,2,1000.16,25.0,1
16345,432,True,Potential Loyalist,0.719,565.46,406.652,44,1,565.46,270.0,1
12714,433,True,Champions,0.273,1485.461,406.245,9,4,3416.56,65.667,0
14824,434,True,Champions,0.368,1103.195,406.165,10,4,1127.71,27.0,1
16341,435,True,Champions,0.462,878.556,405.804,24,4,1971.87,88.5,1
12456,436,True,Champions,0.445,910.955,405.654,44,3,2581.04,105.0,0
13467,437,True,Potential Loyalist,0.378,1071.91,405.537,10,2,1071.91,26.0,1
17813,438,True,Champions,0.246,1644.62,404.543,14,5,1644.62,14.25,1
13285,439,True,Champions,0.499,809.695,404.366,23,3,2042.23,101.5,1
15807,440,True,Champions,0.447,903.9,404.146,50,3,903.9,27.0,1
13316,441,True,Champions,0.2,2023.387,404.089,37,4,5732.93,72.333,1
14675,442,True,Potential Loyalist,0.677,596.36,403.983,16,1,596.36,270.0,1
16747,443,True,Potential Loyalist,0.483,836.06,403.701,37,2,836.06,30.0,1
12615,444,True,Champions,0.362,1114.717,403.622,2,4,2093.19,55.333,0
15939,445,True,Loyal,0.275,1466.358,403.425,89,10,4203.56,21.0,1
16211,446,True,Loyal,0.737,547.02,402.908,88,1,547.02,270.0,1
13124,447,True,Loyal,0.453,889.332,402.848,89,2,2500.01,163.0,1
16950,448,True,Champions,0.555,724.723,402.58,56,2,1006.56,68.0,1
13631,449,True,Loyal,0.39,1031.111,402.522,99,11,3070.42,28.0,1
12572,450,True,Potential Loyalist,0.441,912.42,402.028,8,2,912.42,43.0,0
16358,451,True,Champions,0.407,986.351,401.527,1,4,2027.5,61.0,1
15948,452,True,Champions,0.42,955.24,401.138,8,2,955.24,35.0,1
14547,453,True,Champions,0.101,3974.75,400.925,3,8,3974.75,7.286,1
14019,454,True,Champions,0.439,912.212,400.528,46,3,1408.86,46.0,1
17649,455,True,Loyal,0.712,562.332,400.321,138,1,868.49,270.0,1
14001,456,True,Champions,0.595,672.814,400.025,45,2,1741.84,187.0,1
14653,457,True,Champions,0.254,1571.89,399.984,1,6,1571.89,16.5,1
13566,458,True,Champions,0.465,856.84,398.694,40,2,856.84,42.0,1
14535,459,True,Loyal,0.386,1031.87,398.652,60,3,2854.84,94.0,1
13384,460,True,Champions,0.191,2087.563,398.195,30,7,4151.93,29.6,1
17666,461,True,Champions,0.547,728.16,398.038,3,2,728.16,62.0,1
16650,462,True,Loyal,0.768,518.42,398.032,71,1,518.42,270.0,1
17738,463,True,Champions,0.599,663.904,397.914,19,3,1099.13,129.0,1
18035,464,True,Champions,0.557,713.89,397.776,35,3,713.89,8.0,1
18055,465,True,Champions,0.206,1926.754,396.464,7,5,4367.31,49.0,1
14146,466,True,Champions,0.381,1041.025,396.415,8,4,2949.57,123.0,1
12912,467,True,Champions,0.238,1662.3,395.826,2,5,1662.3,9.5,1
17513,468,True,Loyal,0.77,513.2,394.98,72,1,513.2,270.0,1
14257,469,True,Loyal,0.327,1206.282,394.662,64,4,2479.58,40.0,1
13883,470,True,Champions,0.425,927.602,394.014,10,5,2617.9,121.5,1
15933,471,True,Potential Loyalist,0.355,1107.46,393.042,21,3,1107.46,32.5,1
17520,472,True,Potential Loyalist,0.718,546.81,392.785,53,1,546.81,270.0,1
14474,473,True,Potential Loyalist,0.717,547.66,392.698,46,1,547.66,270.0,1
15239,474,True,Potential Loyalist,0.503,780.59,392.578,10,2,780.59,68.0,1
13362,475,True,Champions,0.471,833.429,392.471,9,3,2278.04,118.0,1
14687,476,True,Loyal,0.742,528.544,392.39,106,1,628.38,270.0,1
15417,477,True,Need Attention,0.77,508.8,391.808,85,1,508.8,270.0,1
12539,478,True,Champions,0.536,731.173,391.749,22,2,2136.65,240.0,0
17805,479,True,Loyal,0.764,512.31,391.431,73,1,512.31,270.0,1
15009,480,True,Champions,0.311,1259.43,391.114,12,3,1259.43,6.5,1
13414,481,True,Loyal,0.686,569.905,391.07,133,2,1000.5,24.0,1
15043,482,True,Champions,0.728,537.0,390.907,31,1,537.0,270.0,1
17415,483,True,Need Attention,0.769,507.84,390.602,79,1,507.84,270.0,1
13849,484,True,Champions,0.483,809.447,390.589,51,2,1537.95,119.0,1
14145,485,True,Champions,0.3,1299.716,390.399,46,4,3148.2,57.0,1
17552,486,True,Loyal,0.617,631.89,389.943,60,2,631.89,11.0,1
13278,487,True,Champions,0.717,542.73,389.234,40,1,542.73,270.0,1
15136,488,True,Champions,0.326,1193.845,388.985,2,4,1286.7,47.0,1
17700,489,True,Champions,0.482,805.849,388.764,16,3,1916.13,98.5,1
17466,490,True,Potential Loyalist,0.508,763.28,387.959,10,2,763.28,68.0,1
14857,491,True,Loyal,0.547,708.596,387.85,59,2,1173.12,89.0,1
15482,492,True,Champions,0.215,1801.822,387.461,15,7,5025.08,47.0,1
17133,493,True,Champions,0.235,1649.07,387.071,15,7,4892.24,50.2,1
12444,494,True,Champions,0.181,2137.741,386.809,21,5,4085.46,37.5,0
16464,495,True,Champions,0.473,817.338,386.631,19,3,1298.66,61.5,1
17480,496,True,Loyal,0.755,511.82,386.374,77,1,511.82,270.0,1
12360,497,True,Champions,0.375,1030.773,386.162,52,3,2302.06,74.0,0
13808,498,True,Champions,0.238,1621.54,385.908,5,5,1747.66,22.75,1
14140,499,True,Potential Loyalist,0.418,920.05,384.596,3,2,920.05,28.0,1
15830,500,True,Potential Loyalist,0.691,556.2,384.163,37,1,556.2,270.0,1
