snapshot,30,60,90,120,180
2010-06-30,0.737,0.603,0.492,0.382,0.289
2010-07-31,0.751,0.572,0.431,0.341,0.302
2010-08-31,0.704,0.501,0.38,0.346,0.317
2010-09-30,0.662,0.469,0.42,0.394,0.346
2010-10-31,0.637,0.555,0.508,0.465,0.392
2010-11-30,0.778,0.691,0.62,0.555,0.463
2010-12-31,0.822,0.71,0.624,0.56,0.468
2011-01-31,0.811,0.684,0.606,0.542,0.461
2011-02-28,0.792,0.668,0.578,0.518,0.453
2011-03-31,0.8,0.651,0.563,0.509,0.437
2011-04-30,0.735,0.601,0.523,0.482,0.381
2011-05-31,0.723,0.579,0.504,0.423,0.306
2011-06-30,0.737,0.603,0.484,0.399,
2011-07-31,0.742,0.561,0.446,0.362,
2011-08-31,0.675,0.513,0.395,,
2011-09-30,0.692,0.475,,,
