CohortMonth,MonthIndex,SoKhachConHoatDong,SoKhachBanDau,RetentionRate_Pct
2009-12-01,0,951,951,100.0
2009-12-01,1,331,951,34.8
2009-12-01,2,317,951,33.3
2009-12-01,3,402,951,42.3
2009-12-01,4,359,951,37.7
2009-12-01,5,342,951,36.0
2009-12-01,6,358,951,37.6
2009-12-01,7,327,951,34.4
2009-12-01,8,320,951,33.6
2009-12-01,9,343,951,36.1
2009-12-01,10,401,951,42.2
2009-12-01,11,471,951,49.5
2009-12-01,12,358,951,37.6
2010-01-01,0,366,366,100.0
2010-01-01,1,76,366,20.8
2010-01-01,2,116,366,31.7
2010-01-01,3,116,366,31.7
2010-01-01,4,99,366,27.0
2010-01-01,5,114,366,31.1
2010-01-01,6,98,366,26.8
2010-01-01,7,86,366,23.5
2010-01-01,8,104,366,28.4
2010-01-01,9,119,366,32.5
2010-01-01,10,112,366,30.6
2010-01-01,11,63,366,17.2
2010-01-01,12,84,366,23.0
2010-02-01,0,374,374,100.0
2010-02-01,1,88,374,23.5
2010-02-01,2,85,374,22.7
2010-02-01,3,110,374,29.4
2010-02-01,4,92,374,24.6
2010-02-01,5,73,374,19.5
2010-02-01,6,72,374,19.3
2010-02-01,7,108,374,28.9
2010-02-01,8,96,374,25.7
2010-02-01,9,103,374,27.5
2010-02-01,10,43,374,11.5
2010-02-01,11,47,374,12.6
2010-02-01,12,56,374,15.0
2010-03-01,0,440,440,100.0
2010-03-01,1,83,440,18.9
2010-03-01,2,102,440,23.2
2010-03-01,3,107,440,24.3
2010-03-01,4,100,440,22.7
2010-03-01,5,89,440,20.2
2010-03-01,6,107,440,24.3
2010-03-01,7,136,440,30.9
2010-03-01,8,122,440,27.7
2010-03-01,9,48,440,10.9
2010-03-01,10,49,440,11.1
2010-03-01,11,64,440,14.5
2010-03-01,12,88,440,20.0
2010-04-01,0,293,293,100.0
2010-04-01,1,56,293,19.1
2010-04-01,2,56,293,19.1
2010-04-01,3,47,293,16.0
2010-04-01,4,54,293,18.4
2010-04-01,5,65,293,22.2
2010-04-01,6,81,293,27.6
2010-04-01,7,78,293,26.6
2010-04-01,8,32,293,10.9
2010-04-01,9,32,293,10.9
2010-04-01,10,22,293,7.5
2010-04-01,11,41,293,14.0
2010-04-01,12,42,293,14.3
2010-05-01,0,253,253,100.0
2010-05-01,1,39,253,15.4
2010-05-01,2,43,253,17.0
2010-05-01,3,45,253,17.8
2010-05-01,4,45,253,17.8
2010-05-01,5,65,253,25.7
2010-05-01,6,54,253,21.3
2010-05-01,7,32,253,12.6
2010-05-01,8,15,253,5.9
2010-05-01,9,21,253,8.3
2010-05-01,10,29,253,11.5
2010-05-01,11,34,253,13.4
2010-05-01,12,39,253,15.4
2010-06-01,0,267,267,100.0
2010-06-01,1,47,267,17.6
2010-06-01,2,50,267,18.7
2010-06-01,3,55,267,20.6
2010-06-01,4,62,267,23.2
2010-06-01,5,76,267,28.5
2010-06-01,6,34,267,12.7
2010-06-01,7,24,267,9.0
2010-06-01,8,22,267,8.2
2010-06-01,9,30,267,11.2
2010-06-01,10,28,267,10.5
2010-06-01,11,37,267,13.9
2010-06-01,12,40,267,15.0
2010-07-01,0,186,186,100.0
2010-07-01,1,29,186,15.6
2010-07-01,2,34,186,18.3
2010-07-01,3,55,186,29.6
2010-07-01,4,54,186,29.0
2010-07-01,5,26,186,14.0
2010-07-01,6,21,186,11.3
2010-07-01,7,28,186,15.1
2010-07-01,8,28,186,15.1
2010-07-01,9,21,186,11.3
2010-07-01,10,25,186,13.4
2010-07-01,11,27,186,14.5
2010-07-01,12,24,186,12.9
2010-08-01,0,162,162,100.0
2010-08-01,1,32,162,19.8
2010-08-01,2,47,162,29.0
2010-08-01,3,53,162,32.7
2010-08-01,4,27,162,16.7
2010-08-01,5,19,162,11.7
2010-08-01,6,16,162,9.9
2010-08-01,7,21,162,13.0
2010-08-01,8,22,162,13.6
2010-08-01,9,20,162,12.3
2010-08-01,10,21,162,13.0
2010-08-01,11,19,162,11.7
2010-08-01,12,24,162,14.8
2010-09-01,0,235,235,100.0
2010-09-01,1,55,235,23.4
2010-09-01,2,55,235,23.4
2010-09-01,3,31,235,13.2
2010-09-01,4,21,235,8.9
2010-09-01,5,24,235,10.2
2010-09-01,6,32,235,13.6
2010-09-01,7,22,235,9.4
2010-09-01,8,30,235,12.8
2010-09-01,9,31,235,13.2
2010-09-01,10,29,235,12.3
2010-09-01,11,24,235,10.2
2010-09-01,12,53,235,22.6
2010-10-01,0,369,369,100.0
2010-10-01,1,95,369,25.7
2010-10-01,2,55,369,14.9
2010-10-01,3,46,369,12.5
2010-10-01,4,33,369,8.9
2010-10-01,5,31,369,8.4
2010-10-01,6,49,369,13.3
2010-10-01,7,51,369,13.8
2010-10-01,8,40,369,10.8
2010-10-01,9,35,369,9.5
2010-10-01,10,39,369,10.6
2010-10-01,11,48,369,13.0
2010-10-01,12,71,369,19.2
2010-11-01,0,328,328,100.0
2010-11-01,1,57,328,17.4
2010-11-01,2,30,328,9.1
2010-11-01,3,30,328,9.1
2010-11-01,4,25,328,7.6
2010-11-01,5,28,328,8.5
2010-11-01,6,42,328,12.8
2010-11-01,7,32,328,9.8
2010-11-01,8,28,328,8.5
2010-11-01,9,31,328,9.5
2010-11-01,10,37,328,11.3
2010-11-01,11,48,328,14.6
2010-11-01,12,82,328,25.0
2010-12-01,0,77,77,100.0
2010-12-01,1,7,77,9.1
2010-12-01,2,4,77,5.2
2010-12-01,3,7,77,9.1
2010-12-01,4,9,77,11.7
2010-12-01,5,5,77,6.5
2010-12-01,6,4,77,5.2
2010-12-01,7,7,77,9.1
2010-12-01,8,4,77,5.2
2010-12-01,9,3,77,3.9
2010-12-01,10,7,77,9.1
2010-12-01,11,15,77,19.5
2010-12-01,12,2,77,2.6
2011-01-01,0,74,74,100.0
2011-01-01,1,11,74,14.9
2011-01-01,2,16,74,21.6
2011-01-01,3,14,74,18.9
2011-01-01,4,16,74,21.6
2011-01-01,5,11,74,14.9
2011-01-01,6,11,74,14.9
2011-01-01,7,9,74,12.2
2011-01-01,8,8,74,10.8
2011-01-01,9,15,74,20.3
2011-01-01,10,18,74,24.3
2011-01-01,11,8,74,10.8
2011-02-01,0,126,126,100.0
2011-02-01,1,20,126,15.9
2011-02-01,2,21,126,16.7
2011-02-01,3,24,126,19.0
2011-02-01,4,27,126,21.4
2011-02-01,5,20,126,15.9
2011-02-01,6,20,126,15.9
2011-02-01,7,19,126,15.1
2011-02-01,8,19,126,15.1
2011-02-01,9,23,126,18.3
2011-02-01,10,8,126,6.3
2011-03-01,0,177,177,100.0
2011-03-01,1,32,177,18.1
2011-03-01,2,38,177,21.5
2011-03-01,3,34,177,19.2
2011-03-01,4,40,177,22.6
2011-03-01,5,27,177,15.3
2011-03-01,6,36,177,20.3
2011-03-01,7,36,177,20.3
2011-03-01,8,43,177,24.3
2011-03-01,9,17,177,9.6
2011-04-01,0,106,106,100.0
2011-04-01,1,26,106,24.5
2011-04-01,2,21,106,19.8
2011-04-01,3,21,106,19.8
2011-04-01,4,19,106,17.9
2011-04-01,5,25,106,23.6
2011-04-01,6,19,106,17.9
2011-04-01,7,27,106,25.5
2011-04-01,8,12,106,11.3
2011-05-01,0,113,113,100.0
2011-05-01,1,27,113,23.9
2011-05-01,2,27,113,23.9
2011-05-01,3,18,113,15.9
2011-05-01,4,24,113,21.2
2011-05-01,5,23,113,20.4
2011-05-01,6,29,113,25.7
2011-05-01,7,12,113,10.6
2011-06-01,0,108,108,100.0
2011-06-01,1,25,108,23.1
2011-06-01,2,23,108,21.3
2011-06-01,3,29,108,26.9
2011-06-01,4,22,108,20.4
2011-06-01,5,30,108,27.8
2011-06-01,6,9,108,8.3
2011-07-01,0,101,101,100.0
2011-07-01,1,21,101,20.8
2011-07-01,2,30,101,29.7
2011-07-01,3,28,101,27.7
2011-07-01,4,35,101,34.7
2011-07-01,5,16,101,15.8
2011-08-01,0,108,108,100.0
2011-08-01,1,28,108,25.9
2011-08-01,2,31,108,28.7
2011-08-01,3,29,108,26.9
2011-08-01,4,18,108,16.7
2011-09-01,0,186,186,100.0
2011-09-01,1,51,186,27.4
2011-09-01,2,71,186,38.2
2011-09-01,3,28,186,15.1
2011-10-01,0,221,221,100.0
2011-10-01,1,70,221,31.7
2011-10-01,2,35,221,15.8
2011-11-01,0,190,190,100.0
2011-11-01,1,27,190,14.2
2011-12-01,0,27,27,100.0
