DateKey,FullDate,Year,Quarter,Month,MonthName,WeekOfYear,DayOfMonth,DayOfWeekNum,DayName,IsWeekend,YearMonthKey
20091201,2009-12-01,2009,4,12,December,49,1,2,Tuesday,False,200912
20091202,2009-12-02,2009,4,12,December,49,2,3,Wednesday,False,200912
20091203,2009-12-03,2009,4,12,December,49,3,4,Thursday,False,200912
20091204,2009-12-04,2009,4,12,December,49,4,5,Friday,False,200912
20091205,2009-12-05,2009,4,12,December,49,5,6,Saturday,True,200912
20091206,2009-12-06,2009,4,12,December,49,6,0,Sunday,True,200912
20091207,2009-12-07,2009,4,12,December,50,7,1,Monday,False,200912
20091208,2009-12-08,2009,4,12,December,50,8,2,Tuesday,False,200912
20091209,2009-12-09,2009,4,12,December,50,9,3,Wednesday,False,200912
20091210,2009-12-10,2009,4,12,December,50,10,4,Thursday,False,200912
20091211,2009-12-11,2009,4,12,December,50,11,5,Friday,False,200912
20091212,2009-12-12,2009,4,12,December,50,12,6,Saturday,True,200912
20091213,2009-12-13,2009,4,12,December,50,13,0,Sunday,True,200912
20091214,2009-12-14,2009,4,12,December,51,14,1,Monday,False,200912
20091215,2009-12-15,2009,4,12,December,51,15,2,Tuesday,False,200912
20091216,2009-12-16,2009,4,12,December,51,16,3,Wednesday,False,200912
20091217,2009-12-17,2009,4,12,December,51,17,4,Thursday,False,200912
20091218,2009-12-18,2009,4,12,December,51,18,5,Friday,False,200912
20091219,2009-12-19,2009,4,12,December,51,19,6,Saturday,True,200912
20091220,2009-12-20,2009,4,12,December,51,20,0,Sunday,True,200912
20091221,2009-12-21,2009,4,12,December,52,21,1,Monday,False,200912
20091222,2009-12-22,2009,4,12,December,52,22,2,Tuesday,False,200912
20091223,2009-12-23,2009,4,12,December,52,23,3,Wednesday,False,200912
20091224,2009-12-24,2009,4,12,December,52,24,4,Thursday,False,200912
20091225,2009-12-25,2009,4,12,December,52,25,5,Friday,False,200912
20091226,2009-12-26,2009,4,12,December,52,26,6,Saturday,True,200912
20091227,2009-12-27,2009,4,12,December,52,27,0,Sunday,True,200912
20091228,2009-12-28,2009,4,12,December,53,28,1,Monday,False,200912
20091229,2009-12-29,2009,4,12,December,53,29,2,Tuesday,False,200912
20091230,2009-12-30,2009,4,12,December,53,30,3,Wednesday,False,200912
20091231,2009-12-31,2009,4,12,December,53,31,4,Thursday,False,200912
20100101,2010-01-01,2010,1,1,January,53,1,5,Friday,False,201001
20100102,2010-01-02,2010,1,1,January,53,2,6,Saturday,True,201001
20100103,2010-01-03,2010,1,1,January,53,3,0,Sunday,True,201001
20100104,2010-01-04,2010,1,1,January,1,4,1,Monday,False,201001
20100105,2010-01-05,2010,1,1,January,1,5,2,Tuesday,False,201001
20100106,2010-01-06,2010,1,1,January,1,6,3,Wednesday,False,201001
20100107,2010-01-07,2010,1,1,January,1,7,4,Thursday,False,201001
20100108,2010-01-08,2010,1,1,January,1,8,5,Friday,False,201001
20100109,2010-01-09,2010,1,1,January,1,9,6,Saturday,True,201001
20100110,2010-01-10,2010,1,1,January,1,10,0,Sunday,True,201001
20100111,2010-01-11,2010,1,1,January,2,11,1,Monday,False,201001
20100112,2010-01-12,2010,1,1,January,2,12,2,Tuesday,False,201001
20100113,2010-01-13,2010,1,1,January,2,13,3,Wednesday,False,201001
20100114,2010-01-14,2010,1,1,January,2,14,4,Thursday,False,201001
20100115,2010-01-15,2010,1,1,January,2,15,5,Friday,False,201001
20100116,2010-01-16,2010,1,1,January,2,16,6,Saturday,True,201001
20100117,2010-01-17,2010,1,1,January,2,17,0,Sunday,True,201001
20100118,2010-01-18,2010,1,1,January,3,18,1,Monday,False,201001
20100119,2010-01-19,2010,1,1,January,3,19,2,Tuesday,False,201001
20100120,2010-01-20,2010,1,1,January,3,20,3,Wednesday,False,201001
20100121,2010-01-21,2010,1,1,January,3,21,4,Thursday,False,201001
20100122,2010-01-22,2010,1,1,January,3,22,5,Friday,False,201001
20100123,2010-01-23,2010,1,1,January,3,23,6,Saturday,True,201001
20100124,2010-01-24,2010,1,1,January,3,24,0,Sunday,True,201001
20100125,2010-01-25,2010,1,1,January,4,25,1,Monday,False,201001
20100126,2010-01-26,2010,1,1,January,4,26,2,Tuesday,False,201001
20100127,2010-01-27,2010,1,1,January,4,27,3,Wednesday,False,201001
20100128,2010-01-28,2010,1,1,January,4,28,4,Thursday,False,201001
20100129,2010-01-29,2010,1,1,January,4,29,5,Friday,False,201001
20100130,2010-01-30,2010,1,1,January,4,30,6,Saturday,True,201001
20100131,2010-01-31,2010,1,1,January,4,31,0,Sunday,True,201001
20100201,2010-02-01,2010,1,2,February,5,1,1,Monday,False,201002
20100202,2010-02-02,2010,1,2,February,5,2,2,Tuesday,False,201002
20100203,2010-02-03,2010,1,2,February,5,3,3,Wednesday,False,201002
20100204,2010-02-04,2010,1,2,February,5,4,4,Thursday,False,201002
20100205,2010-02-05,2010,1,2,February,5,5,5,Friday,False,201002
20100206,2010-02-06,2010,1,2,February,5,6,6,Saturday,True,201002
20100207,2010-02-07,2010,1,2,February,5,7,0,Sunday,True,201002
20100208,2010-02-08,2010,1,2,February,6,8,1,Monday,False,201002
20100209,2010-02-09,2010,1,2,February,6,9,2,Tuesday,False,201002
20100210,2010-02-10,2010,1,2,February,6,10,3,Wednesday,False,201002
20100211,2010-02-11,2010,1,2,February,6,11,4,Thursday,False,201002
20100212,2010-02-12,2010,1,2,February,6,12,5,Friday,False,201002
20100213,2010-02-13,2010,1,2,February,6,13,6,Saturday,True,201002
20100214,2010-02-14,2010,1,2,February,6,14,0,Sunday,True,201002
20100215,2010-02-15,2010,1,2,February,7,15,1,Monday,False,201002
20100216,2010-02-16,2010,1,2,February,7,16,2,Tuesday,False,201002
20100217,2010-02-17,2010,1,2,February,7,17,3,Wednesday,False,201002
20100218,2010-02-18,2010,1,2,February,7,18,4,Thursday,False,201002
20100219,2010-02-19,2010,1,2,February,7,19,5,Friday,False,201002
20100220,2010-02-20,2010,1,2,February,7,20,6,Saturday,True,201002
20100221,2010-02-21,2010,1,2,February,7,21,0,Sunday,True,201002
20100222,2010-02-22,2010,1,2,February,8,22,1,Monday,False,201002
20100223,2010-02-23,2010,1,2,February,8,23,2,Tuesday,False,201002
20100224,2010-02-24,2010,1,2,February,8,24,3,Wednesday,False,201002
20100225,2010-02-25,2010,1,2,February,8,25,4,Thursday,False,201002
20100226,2010-02-26,2010,1,2,February,8,26,5,Friday,False,201002
20100227,2010-02-27,2010,1,2,February,8,27,6,Saturday,True,201002
20100228,2010-02-28,2010,1,2,February,8,28,0,Sunday,True,201002
20100301,2010-03-01,2010,1,3,March,9,1,1,Monday,False,201003
20100302,2010-03-02,2010,1,3,March,9,2,2,Tuesday,False,201003
20100303,2010-03-03,2010,1,3,March,9,3,3,Wednesday,False,201003
20100304,2010-03-04,2010,1,3,March,9,4,4,Thursday,False,201003
20100305,2010-03-05,2010,1,3,March,9,5,5,Friday,False,201003
20100306,2010-03-06,2010,1,3,March,9,6,6,Saturday,True,201003
20100307,2010-03-07,2010,1,3,March,9,7,0,Sunday,True,201003
20100308,2010-03-08,2010,1,3,March,10,8,1,Monday,False,201003
20100309,2010-03-09,2010,1,3,March,10,9,2,Tuesday,False,201003
20100310,2010-03-10,2010,1,3,March,10,10,3,Wednesday,False,201003
20100311,2010-03-11,2010,1,3,March,10,11,4,Thursday,False,201003
20100312,2010-03-12,2010,1,3,March,10,12,5,Friday,False,201003
20100313,2010-03-13,2010,1,3,March,10,13,6,Saturday,True,201003
20100314,2010-03-14,2010,1,3,March,10,14,0,Sunday,True,201003
20100315,2010-03-15,2010,1,3,March,11,15,1,Monday,False,201003
20100316,2010-03-16,2010,1,3,March,11,16,2,Tuesday,False,201003
20100317,2010-03-17,2010,1,3,March,11,17,3,Wednesday,False,201003
20100318,2010-03-18,2010,1,3,March,11,18,4,Thursday,False,201003
20100319,2010-03-19,2010,1,3,March,11,19,5,Friday,False,201003
20100320,2010-03-20,2010,1,3,March,11,20,6,Saturday,True,201003
20100321,2010-03-21,2010,1,3,March,11,21,0,Sunday,True,201003
20100322,2010-03-22,2010,1,3,March,12,22,1,Monday,False,201003
20100323,2010-03-23,2010,1,3,March,12,23,2,Tuesday,False,201003
20100324,2010-03-24,2010,1,3,March,12,24,3,Wednesday,False,201003
20100325,2010-03-25,2010,1,3,March,12,25,4,Thursday,False,201003
20100326,2010-03-26,2010,1,3,March,12,26,5,Friday,False,201003
20100327,2010-03-27,2010,1,3,March,12,27,6,Saturday,True,201003
20100328,2010-03-28,2010,1,3,March,12,28,0,Sunday,True,201003
20100329,2010-03-29,2010,1,3,March,13,29,1,Monday,False,201003
20100330,2010-03-30,2010,1,3,March,13,30,2,Tuesday,False,201003
20100331,2010-03-31,2010,1,3,March,13,31,3,Wednesday,False,201003
20100401,2010-04-01,2010,2,4,April,13,1,4,Thursday,False,201004
20100402,2010-04-02,2010,2,4,April,13,2,5,Friday,False,201004
20100403,2010-04-03,2010,2,4,April,13,3,6,Saturday,True,201004
20100404,2010-04-04,2010,2,4,April,13,4,0,Sunday,True,201004
20100405,2010-04-05,2010,2,4,April,14,5,1,Monday,False,201004
20100406,2010-04-06,2010,2,4,April,14,6,2,Tuesday,False,201004
20100407,2010-04-07,2010,2,4,April,14,7,3,Wednesday,False,201004
20100408,2010-04-08,2010,2,4,April,14,8,4,Thursday,False,201004
20100409,2010-04-09,2010,2,4,April,14,9,5,Friday,False,201004
20100410,2010-04-10,2010,2,4,April,14,10,6,Saturday,True,201004
20100411,2010-04-11,2010,2,4,April,14,11,0,Sunday,True,201004
20100412,2010-04-12,2010,2,4,April,15,12,1,Monday,False,201004
20100413,2010-04-13,2010,2,4,April,15,13,2,Tuesday,False,201004
20100414,2010-04-14,2010,2,4,April,15,14,3,Wednesday,False,201004
20100415,2010-04-15,2010,2,4,April,15,15,4,Thursday,False,201004
20100416,2010-04-16,2010,2,4,April,15,16,5,Friday,False,201004
20100417,2010-04-17,2010,2,4,April,15,17,6,Saturday,True,201004
20100418,2010-04-18,2010,2,4,April,15,18,0,Sunday,True,201004
20100419,2010-04-19,2010,2,4,April,16,19,1,Monday,False,201004
20100420,2010-04-20,2010,2,4,April,16,20,2,Tuesday,False,201004
20100421,2010-04-21,2010,2,4,April,16,21,3,Wednesday,False,201004
20100422,2010-04-22,2010,2,4,April,16,22,4,Thursday,False,201004
20100423,2010-04-23,2010,2,4,April,16,23,5,Friday,False,201004
20100424,2010-04-24,2010,2,4,April,16,24,6,Saturday,True,201004
20100425,2010-04-25,2010,2,4,April,16,25,0,Sunday,True,201004
20100426,2010-04-26,2010,2,4,April,17,26,1,Monday,False,201004
20100427,2010-04-27,2010,2,4,April,17,27,2,Tuesday,False,201004
20100428,2010-04-28,2010,2,4,April,17,28,3,Wednesday,False,201004
20100429,2010-04-29,2010,2,4,April,17,29,4,Thursday,False,201004
20100430,2010-04-30,2010,2,4,April,17,30,5,Friday,False,201004
20100501,2010-05-01,2010,2,5,May,17,1,6,Saturday,True,201005
20100502,2010-05-02,2010,2,5,May,17,2,0,Sunday,True,201005
20100503,2010-05-03,2010,2,5,May,18,3,1,Monday,False,201005
20100504,2010-05-04,2010,2,5,May,18,4,2,Tuesday,False,201005
20100505,2010-05-05,2010,2,5,May,18,5,3,Wednesday,False,201005
20100506,2010-05-06,2010,2,5,May,18,6,4,Thursday,False,201005
20100507,2010-05-07,2010,2,5,May,18,7,5,Friday,False,201005
20100508,2010-05-08,2010,2,5,May,18,8,6,Saturday,True,201005
20100509,2010-05-09,2010,2,5,May,18,9,0,Sunday,True,201005
20100510,2010-05-10,2010,2,5,May,19,10,1,Monday,False,201005
20100511,2010-05-11,2010,2,5,May,19,11,2,Tuesday,False,201005
20100512,2010-05-12,2010,2,5,May,19,12,3,Wednesday,False,201005
20100513,2010-05-13,2010,2,5,May,19,13,4,Thursday,False,201005
20100514,2010-05-14,2010,2,5,May,19,14,5,Friday,False,201005
20100515,2010-05-15,2010,2,5,May,19,15,6,Saturday,True,201005
20100516,2010-05-16,2010,2,5,May,19,16,0,Sunday,True,201005
20100517,2010-05-17,2010,2,5,May,20,17,1,Monday,False,201005
20100518,2010-05-18,2010,2,5,May,20,18,2,Tuesday,False,201005
20100519,2010-05-19,2010,2,5,May,20,19,3,Wednesday,False,201005
20100520,2010-05-20,2010,2,5,May,20,20,4,Thursday,False,201005
20100521,2010-05-21,2010,2,5,May,20,21,5,Friday,False,201005
20100522,2010-05-22,2010,2,5,May,20,22,6,Saturday,True,201005
20100523,2010-05-23,2010,2,5,May,20,23,0,Sunday,True,201005
20100524,2010-05-24,2010,2,5,May,21,24,1,Monday,False,201005
20100525,2010-05-25,2010,2,5,May,21,25,2,Tuesday,False,201005
20100526,2010-05-26,2010,2,5,May,21,26,3,Wednesday,False,201005
20100527,2010-05-27,2010,2,5,May,21,27,4,Thursday,False,201005
20100528,2010-05-28,2010,2,5,May,21,28,5,Friday,False,201005
20100529,2010-05-29,2010,2,5,May,21,29,6,Saturday,True,201005
20100530,2010-05-30,2010,2,5,May,21,30,0,Sunday,True,201005
20100531,2010-05-31,2010,2,5,May,22,31,1,Monday,False,201005
20100601,2010-06-01,2010,2,6,June,22,1,2,Tuesday,False,201006
20100602,2010-06-02,2010,2,6,June,22,2,3,Wednesday,False,201006
20100603,2010-06-03,2010,2,6,June,22,3,4,Thursday,False,201006
20100604,2010-06-04,2010,2,6,June,22,4,5,Friday,False,201006
20100605,2010-06-05,2010,2,6,June,22,5,6,Saturday,True,201006
20100606,2010-06-06,2010,2,6,June,22,6,0,Sunday,True,201006
20100607,2010-06-07,2010,2,6,June,23,7,1,Monday,False,201006
20100608,2010-06-08,2010,2,6,June,23,8,2,Tuesday,False,201006
20100609,2010-06-09,2010,2,6,June,23,9,3,Wednesday,False,201006
20100610,2010-06-10,2010,2,6,June,23,10,4,Thursday,False,201006
20100611,2010-06-11,2010,2,6,June,23,11,5,Friday,False,201006
20100612,2010-06-12,2010,2,6,June,23,12,6,Saturday,True,201006
20100613,2010-06-13,2010,2,6,June,23,13,0,Sunday,True,201006
20100614,2010-06-14,2010,2,6,June,24,14,1,Monday,False,201006
20100615,2010-06-15,2010,2,6,June,24,15,2,Tuesday,False,201006
20100616,2010-06-16,2010,2,6,June,24,16,3,Wednesday,False,201006
20100617,2010-06-17,2010,2,6,June,24,17,4,Thursday,False,201006
20100618,2010-06-18,2010,2,6,June,24,18,5,Friday,False,201006
20100619,2010-06-19,2010,2,6,June,24,19,6,Saturday,True,201006
20100620,2010-06-20,2010,2,6,June,24,20,0,Sunday,True,201006
20100621,2010-06-21,2010,2,6,June,25,21,1,Monday,False,201006
20100622,2010-06-22,2010,2,6,June,25,22,2,Tuesday,False,201006
20100623,2010-06-23,2010,2,6,June,25,23,3,Wednesday,False,201006
20100624,2010-06-24,2010,2,6,June,25,24,4,Thursday,False,201006
20100625,2010-06-25,2010,2,6,June,25,25,5,Friday,False,201006
20100626,2010-06-26,2010,2,6,June,25,26,6,Saturday,True,201006
20100627,2010-06-27,2010,2,6,June,25,27,0,Sunday,True,201006
20100628,2010-06-28,2010,2,6,June,26,28,1,Monday,False,201006
20100629,2010-06-29,2010,2,6,June,26,29,2,Tuesday,False,201006
20100630,2010-06-30,2010,2,6,June,26,30,3,Wednesday,False,201006
20100701,2010-07-01,2010,3,7,July,26,1,4,Thursday,False,201007
20100702,2010-07-02,2010,3,7,July,26,2,5,Friday,False,201007
20100703,2010-07-03,2010,3,7,July,26,3,6,Saturday,True,201007
20100704,2010-07-04,2010,3,7,July,26,4,0,Sunday,True,201007
20100705,2010-07-05,2010,3,7,July,27,5,1,Monday,False,201007
20100706,2010-07-06,2010,3,7,July,27,6,2,Tuesday,False,201007
20100707,2010-07-07,2010,3,7,July,27,7,3,Wednesday,False,201007
20100708,2010-07-08,2010,3,7,July,27,8,4,Thursday,False,201007
20100709,2010-07-09,2010,3,7,July,27,9,5,Friday,False,201007
20100710,2010-07-10,2010,3,7,July,27,10,6,Saturday,True,201007
20100711,2010-07-11,2010,3,7,July,27,11,0,Sunday,True,201007
20100712,2010-07-12,2010,3,7,July,28,12,1,Monday,False,201007
20100713,2010-07-13,2010,3,7,July,28,13,2,Tuesday,False,201007
20100714,2010-07-14,2010,3,7,July,28,14,3,Wednesday,False,201007
20100715,2010-07-15,2010,3,7,July,28,15,4,Thursday,False,201007
20100716,2010-07-16,2010,3,7,July,28,16,5,Friday,False,201007
20100717,2010-07-17,2010,3,7,July,28,17,6,Saturday,True,201007
20100718,2010-07-18,2010,3,7,July,28,18,0,Sunday,True,201007
20100719,2010-07-19,2010,3,7,July,29,19,1,Monday,False,201007
20100720,2010-07-20,2010,3,7,July,29,20,2,Tuesday,False,201007
20100721,2010-07-21,2010,3,7,July,29,21,3,Wednesday,False,201007
20100722,2010-07-22,2010,3,7,July,29,22,4,Thursday,False,201007
20100723,2010-07-23,2010,3,7,July,29,23,5,Friday,False,201007
20100724,2010-07-24,2010,3,7,July,29,24,6,Saturday,True,201007
20100725,2010-07-25,2010,3,7,July,29,25,0,Sunday,True,201007
20100726,2010-07-26,2010,3,7,July,30,26,1,Monday,False,201007
20100727,2010-07-27,2010,3,7,July,30,27,2,Tuesday,False,201007
20100728,2010-07-28,2010,3,7,July,30,28,3,Wednesday,False,201007
20100729,2010-07-29,2010,3,7,July,30,29,4,Thursday,False,201007
20100730,2010-07-30,2010,3,7,July,30,30,5,Friday,False,201007
20100731,2010-07-31,2010,3,7,July,30,31,6,Saturday,True,201007
20100801,2010-08-01,2010,3,8,August,30,1,0,Sunday,True,201008
20100802,2010-08-02,2010,3,8,August,31,2,1,Monday,False,201008
20100803,2010-08-03,2010,3,8,August,31,3,2,Tuesday,False,201008
20100804,2010-08-04,2010,3,8,August,31,4,3,Wednesday,False,201008
20100805,2010-08-05,2010,3,8,August,31,5,4,Thursday,False,201008
20100806,2010-08-06,2010,3,8,August,31,6,5,Friday,False,201008
20100807,2010-08-07,2010,3,8,August,31,7,6,Saturday,True,201008
20100808,2010-08-08,2010,3,8,August,31,8,0,Sunday,True,201008
20100809,2010-08-09,2010,3,8,August,32,9,1,Monday,False,201008
20100810,2010-08-10,2010,3,8,August,32,10,2,Tuesday,False,201008
20100811,2010-08-11,2010,3,8,August,32,11,3,Wednesday,False,201008
20100812,2010-08-12,2010,3,8,August,32,12,4,Thursday,False,201008
20100813,2010-08-13,2010,3,8,August,32,13,5,Friday,False,201008
20100814,2010-08-14,2010,3,8,August,32,14,6,Saturday,True,201008
20100815,2010-08-15,2010,3,8,August,32,15,0,Sunday,True,201008
20100816,2010-08-16,2010,3,8,August,33,16,1,Monday,False,201008
20100817,2010-08-17,2010,3,8,August,33,17,2,Tuesday,False,201008
20100818,2010-08-18,2010,3,8,August,33,18,3,Wednesday,False,201008
20100819,2010-08-19,2010,3,8,August,33,19,4,Thursday,False,201008
20100820,2010-08-20,2010,3,8,August,33,20,5,Friday,False,201008
20100821,2010-08-21,2010,3,8,August,33,21,6,Saturday,True,201008
20100822,2010-08-22,2010,3,8,August,33,22,0,Sunday,True,201008
20100823,2010-08-23,2010,3,8,August,34,23,1,Monday,False,201008
20100824,2010-08-24,2010,3,8,August,34,24,2,Tuesday,False,201008
20100825,2010-08-25,2010,3,8,August,34,25,3,Wednesday,False,201008
20100826,2010-08-26,2010,3,8,August,34,26,4,Thursday,False,201008
20100827,2010-08-27,2010,3,8,August,34,27,5,Friday,False,201008
20100828,2010-08-28,2010,3,8,August,34,28,6,Saturday,True,201008
20100829,2010-08-29,2010,3,8,August,34,29,0,Sunday,True,201008
20100830,2010-08-30,2010,3,8,August,35,30,1,Monday,False,201008
20100831,2010-08-31,2010,3,8,August,35,31,2,Tuesday,False,201008
20100901,2010-09-01,2010,3,9,September,35,1,3,Wednesday,False,201009
20100902,2010-09-02,2010,3,9,September,35,2,4,Thursday,False,201009
20100903,2010-09-03,2010,3,9,September,35,3,5,Friday,False,201009
20100904,2010-09-04,2010,3,9,September,35,4,6,Saturday,True,201009
20100905,2010-09-05,2010,3,9,September,35,5,0,Sunday,True,201009
20100906,2010-09-06,2010,3,9,September,36,6,1,Monday,False,201009
20100907,2010-09-07,2010,3,9,September,36,7,2,Tuesday,False,201009
20100908,2010-09-08,2010,3,9,September,36,8,3,Wednesday,False,201009
20100909,2010-09-09,2010,3,9,September,36,9,4,Thursday,False,201009
20100910,2010-09-10,2010,3,9,September,36,10,5,Friday,False,201009
20100911,2010-09-11,2010,3,9,September,36,11,6,Saturday,True,201009
20100912,2010-09-12,2010,3,9,September,36,12,0,Sunday,True,201009
20100913,2010-09-13,2010,3,9,September,37,13,1,Monday,False,201009
20100914,2010-09-14,2010,3,9,September,37,14,2,Tuesday,False,201009
20100915,2010-09-15,2010,3,9,September,37,15,3,Wednesday,False,201009
20100916,2010-09-16,2010,3,9,September,37,16,4,Thursday,False,201009
20100917,2010-09-17,2010,3,9,September,37,17,5,Friday,False,201009
20100918,2010-09-18,2010,3,9,September,37,18,6,Saturday,True,201009
20100919,2010-09-19,2010,3,9,September,37,19,0,Sunday,True,201009
20100920,2010-09-20,2010,3,9,September,38,20,1,Monday,False,201009
20100921,2010-09-21,2010,3,9,September,38,21,2,Tuesday,False,201009
20100922,2010-09-22,2010,3,9,September,38,22,3,Wednesday,False,201009
20100923,2010-09-23,2010,3,9,September,38,23,4,Thursday,False,201009
20100924,2010-09-24,2010,3,9,September,38,24,5,Friday,False,201009
20100925,2010-09-25,2010,3,9,September,38,25,6,Saturday,True,201009
20100926,2010-09-26,2010,3,9,September,38,26,0,Sunday,True,201009
20100927,2010-09-27,2010,3,9,September,39,27,1,Monday,False,201009
20100928,2010-09-28,2010,3,9,September,39,28,2,Tuesday,False,201009
20100929,2010-09-29,2010,3,9,September,39,29,3,Wednesday,False,201009
20100930,2010-09-30,2010,3,9,September,39,30,4,Thursday,False,201009
20101001,2010-10-01,2010,4,10,October,39,1,5,Friday,False,201010
20101002,2010-10-02,2010,4,10,October,39,2,6,Saturday,True,201010
20101003,2010-10-03,2010,4,10,October,39,3,0,Sunday,True,201010
20101004,2010-10-04,2010,4,10,October,40,4,1,Monday,False,201010
20101005,2010-10-05,2010,4,10,October,40,5,2,Tuesday,False,201010
20101006,2010-10-06,2010,4,10,October,40,6,3,Wednesday,False,201010
20101007,2010-10-07,2010,4,10,October,40,7,4,Thursday,False,201010
20101008,2010-10-08,2010,4,10,October,40,8,5,Friday,False,201010
20101009,2010-10-09,2010,4,10,October,40,9,6,Saturday,True,201010
20101010,2010-10-10,2010,4,10,October,40,10,0,Sunday,True,201010
20101011,2010-10-11,2010,4,10,October,41,11,1,Monday,False,201010
20101012,2010-10-12,2010,4,10,October,41,12,2,Tuesday,False,201010
20101013,2010-10-13,2010,4,10,October,41,13,3,Wednesday,False,201010
20101014,2010-10-14,2010,4,10,October,41,14,4,Thursday,False,201010
20101015,2010-10-15,2010,4,10,October,41,15,5,Friday,False,201010
20101016,2010-10-16,2010,4,10,October,41,16,6,Saturday,True,201010
20101017,2010-10-17,2010,4,10,October,41,17,0,Sunday,True,201010
20101018,2010-10-18,2010,4,10,October,42,18,1,Monday,False,201010
20101019,2010-10-19,2010,4,10,October,42,19,2,Tuesday,False,201010
20101020,2010-10-20,2010,4,10,October,42,20,3,Wednesday,False,201010
20101021,2010-10-21,2010,4,10,October,42,21,4,Thursday,False,201010
20101022,2010-10-22,2010,4,10,October,42,22,5,Friday,False,201010
20101023,2010-10-23,2010,4,10,October,42,23,6,Saturday,True,201010
20101024,2010-10-24,2010,4,10,October,42,24,0,Sunday,True,201010
20101025,2010-10-25,2010,4,10,October,43,25,1,Monday,False,201010
20101026,2010-10-26,2010,4,10,October,43,26,2,Tuesday,False,201010
20101027,2010-10-27,2010,4,10,October,43,27,3,Wednesday,False,201010
20101028,2010-10-28,2010,4,10,October,43,28,4,Thursday,False,201010
20101029,2010-10-29,2010,4,10,October,43,29,5,Friday,False,201010
20101030,2010-10-30,2010,4,10,October,43,30,6,Saturday,True,201010
20101031,2010-10-31,2010,4,10,October,43,31,0,Sunday,True,201010
20101101,2010-11-01,2010,4,11,November,44,1,1,Monday,False,201011
20101102,2010-11-02,2010,4,11,November,44,2,2,Tuesday,False,201011
20101103,2010-11-03,2010,4,11,November,44,3,3,Wednesday,False,201011
20101104,2010-11-04,2010,4,11,November,44,4,4,Thursday,False,201011
20101105,2010-11-05,2010,4,11,November,44,5,5,Friday,False,201011
20101106,2010-11-06,2010,4,11,November,44,6,6,Saturday,True,201011
20101107,2010-11-07,2010,4,11,November,44,7,0,Sunday,True,201011
20101108,2010-11-08,2010,4,11,November,45,8,1,Monday,False,201011
20101109,2010-11-09,2010,4,11,November,45,9,2,Tuesday,False,201011
20101110,2010-11-10,2010,4,11,November,45,10,3,Wednesday,False,201011
20101111,2010-11-11,2010,4,11,November,45,11,4,Thursday,False,201011
20101112,2010-11-12,2010,4,11,November,45,12,5,Friday,False,201011
20101113,2010-11-13,2010,4,11,November,45,13,6,Saturday,True,201011
20101114,2010-11-14,2010,4,11,November,45,14,0,Sunday,True,201011
20101115,2010-11-15,2010,4,11,November,46,15,1,Monday,False,201011
20101116,2010-11-16,2010,4,11,November,46,16,2,Tuesday,False,201011
20101117,2010-11-17,2010,4,11,November,46,17,3,Wednesday,False,201011
20101118,2010-11-18,2010,4,11,November,46,18,4,Thursday,False,201011
20101119,2010-11-19,2010,4,11,November,46,19,5,Friday,False,201011
20101120,2010-11-20,2010,4,11,November,46,20,6,Saturday,True,201011
20101121,2010-11-21,2010,4,11,November,46,21,0,Sunday,True,201011
20101122,2010-11-22,2010,4,11,November,47,22,1,Monday,False,201011
20101123,2010-11-23,2010,4,11,November,47,23,2,Tuesday,False,201011
20101124,2010-11-24,2010,4,11,November,47,24,3,Wednesday,False,201011
20101125,2010-11-25,2010,4,11,November,47,25,4,Thursday,False,201011
20101126,2010-11-26,2010,4,11,November,47,26,5,Friday,False,201011
20101127,2010-11-27,2010,4,11,November,47,27,6,Saturday,True,201011
20101128,2010-11-28,2010,4,11,November,47,28,0,Sunday,True,201011
20101129,2010-11-29,2010,4,11,November,48,29,1,Monday,False,201011
20101130,2010-11-30,2010,4,11,November,48,30,2,Tuesday,False,201011
20101201,2010-12-01,2010,4,12,December,48,1,3,Wednesday,False,201012
20101202,2010-12-02,2010,4,12,December,48,2,4,Thursday,False,201012
20101203,2010-12-03,2010,4,12,December,48,3,5,Friday,False,201012
20101204,2010-12-04,2010,4,12,December,48,4,6,Saturday,True,201012
20101205,2010-12-05,2010,4,12,December,48,5,0,Sunday,True,201012
20101206,2010-12-06,2010,4,12,December,49,6,1,Monday,False,201012
20101207,2010-12-07,2010,4,12,December,49,7,2,Tuesday,False,201012
20101208,2010-12-08,2010,4,12,December,49,8,3,Wednesday,False,201012
20101209,2010-12-09,2010,4,12,December,49,9,4,Thursday,False,201012
20101210,2010-12-10,2010,4,12,December,49,10,5,Friday,False,201012
20101211,2010-12-11,2010,4,12,December,49,11,6,Saturday,True,201012
20101212,2010-12-12,2010,4,12,December,49,12,0,Sunday,True,201012
20101213,2010-12-13,2010,4,12,December,50,13,1,Monday,False,201012
20101214,2010-12-14,2010,4,12,December,50,14,2,Tuesday,False,201012
20101215,2010-12-15,2010,4,12,December,50,15,3,Wednesday,False,201012
20101216,2010-12-16,2010,4,12,December,50,16,4,Thursday,False,201012
20101217,2010-12-17,2010,4,12,December,50,17,5,Friday,False,201012
20101218,2010-12-18,2010,4,12,December,50,18,6,Saturday,True,201012
20101219,2010-12-19,2010,4,12,December,50,19,0,Sunday,True,201012
20101220,2010-12-20,2010,4,12,December,51,20,1,Monday,False,201012
20101221,2010-12-21,2010,4,12,December,51,21,2,Tuesday,False,201012
20101222,2010-12-22,2010,4,12,December,51,22,3,Wednesday,False,201012
20101223,2010-12-23,2010,4,12,December,51,23,4,Thursday,False,201012
20101224,2010-12-24,2010,4,12,December,51,24,5,Friday,False,201012
20101225,2010-12-25,2010,4,12,December,51,25,6,Saturday,True,201012
20101226,2010-12-26,2010,4,12,December,51,26,0,Sunday,True,201012
20101227,2010-12-27,2010,4,12,December,52,27,1,Monday,False,201012
20101228,2010-12-28,2010,4,12,December,52,28,2,Tuesday,False,201012
20101229,2010-12-29,2010,4,12,December,52,29,3,Wednesday,False,201012
20101230,2010-12-30,2010,4,12,December,52,30,4,Thursday,False,201012
20101231,2010-12-31,2010,4,12,December,52,31,5,Friday,False,201012
20110101,2011-01-01,2011,1,1,January,52,1,6,Saturday,True,201101
20110102,2011-01-02,2011,1,1,January,52,2,0,Sunday,True,201101
20110103,2011-01-03,2011,1,1,January,1,3,1,Monday,False,201101
20110104,2011-01-04,2011,1,1,January,1,4,2,Tuesday,False,201101
20110105,2011-01-05,2011,1,1,January,1,5,3,Wednesday,False,201101
20110106,2011-01-06,2011,1,1,January,1,6,4,Thursday,False,201101
20110107,2011-01-07,2011,1,1,January,1,7,5,Friday,False,201101
20110108,2011-01-08,2011,1,1,January,1,8,6,Saturday,True,201101
20110109,2011-01-09,2011,1,1,January,1,9,0,Sunday,True,201101
20110110,2011-01-10,2011,1,1,January,2,10,1,Monday,False,201101
20110111,2011-01-11,2011,1,1,January,2,11,2,Tuesday,False,201101
20110112,2011-01-12,2011,1,1,January,2,12,3,Wednesday,False,201101
20110113,2011-01-13,2011,1,1,January,2,13,4,Thursday,False,201101
20110114,2011-01-14,2011,1,1,January,2,14,5,Friday,False,201101
20110115,2011-01-15,2011,1,1,January,2,15,6,Saturday,True,201101
20110116,2011-01-16,2011,1,1,January,2,16,0,Sunday,True,201101
20110117,2011-01-17,2011,1,1,January,3,17,1,Monday,False,201101
20110118,2011-01-18,2011,1,1,January,3,18,2,Tuesday,False,201101
20110119,2011-01-19,2011,1,1,January,3,19,3,Wednesday,False,201101
20110120,2011-01-20,2011,1,1,January,3,20,4,Thursday,False,201101
20110121,2011-01-21,2011,1,1,January,3,21,5,Friday,False,201101
20110122,2011-01-22,2011,1,1,January,3,22,6,Saturday,True,201101
20110123,2011-01-23,2011,1,1,January,3,23,0,Sunday,True,201101
20110124,2011-01-24,2011,1,1,January,4,24,1,Monday,False,201101
20110125,2011-01-25,2011,1,1,January,4,25,2,Tuesday,False,201101
20110126,2011-01-26,2011,1,1,January,4,26,3,Wednesday,False,201101
20110127,2011-01-27,2011,1,1,January,4,27,4,Thursday,False,201101
20110128,2011-01-28,2011,1,1,January,4,28,5,Friday,False,201101
20110129,2011-01-29,2011,1,1,January,4,29,6,Saturday,True,201101
20110130,2011-01-30,2011,1,1,January,4,30,0,Sunday,True,201101
20110131,2011-01-31,2011,1,1,January,5,31,1,Monday,False,201101
20110201,2011-02-01,2011,1,2,February,5,1,2,Tuesday,False,201102
20110202,2011-02-02,2011,1,2,February,5,2,3,Wednesday,False,201102
20110203,2011-02-03,2011,1,2,February,5,3,4,Thursday,False,201102
20110204,2011-02-04,2011,1,2,February,5,4,5,Friday,False,201102
20110205,2011-02-05,2011,1,2,February,5,5,6,Saturday,True,201102
20110206,2011-02-06,2011,1,2,February,5,6,0,Sunday,True,201102
20110207,2011-02-07,2011,1,2,February,6,7,1,Monday,False,201102
20110208,2011-02-08,2011,1,2,February,6,8,2,Tuesday,False,201102
20110209,2011-02-09,2011,1,2,February,6,9,3,Wednesday,False,201102
20110210,2011-02-10,2011,1,2,February,6,10,4,Thursday,False,201102
20110211,2011-02-11,2011,1,2,February,6,11,5,Friday,False,201102
20110212,2011-02-12,2011,1,2,February,6,12,6,Saturday,True,201102
20110213,2011-02-13,2011,1,2,February,6,13,0,Sunday,True,201102
20110214,2011-02-14,2011,1,2,February,7,14,1,Monday,False,201102
20110215,2011-02-15,2011,1,2,February,7,15,2,Tuesday,False,201102
20110216,2011-02-16,2011,1,2,February,7,16,3,Wednesday,False,201102
20110217,2011-02-17,2011,1,2,February,7,17,4,Thursday,False,201102
20110218,2011-02-18,2011,1,2,February,7,18,5,Friday,False,201102
20110219,2011-02-19,2011,1,2,February,7,19,6,Saturday,True,201102
20110220,2011-02-20,2011,1,2,February,7,20,0,Sunday,True,201102
20110221,2011-02-21,2011,1,2,February,8,21,1,Monday,False,201102
20110222,2011-02-22,2011,1,2,February,8,22,2,Tuesday,False,201102
20110223,2011-02-23,2011,1,2,February,8,23,3,Wednesday,False,201102
20110224,2011-02-24,2011,1,2,February,8,24,4,Thursday,False,201102
20110225,2011-02-25,2011,1,2,February,8,25,5,Friday,False,201102
20110226,2011-02-26,2011,1,2,February,8,26,6,Saturday,True,201102
20110227,2011-02-27,2011,1,2,February,8,27,0,Sunday,True,201102
20110228,2011-02-28,2011,1,2,February,9,28,1,Monday,False,201102
20110301,2011-03-01,2011,1,3,March,9,1,2,Tuesday,False,201103
20110302,2011-03-02,2011,1,3,March,9,2,3,Wednesday,False,201103
20110303,2011-03-03,2011,1,3,March,9,3,4,Thursday,False,201103
20110304,2011-03-04,2011,1,3,March,9,4,5,Friday,False,201103
20110305,2011-03-05,2011,1,3,March,9,5,6,Saturday,True,201103
20110306,2011-03-06,2011,1,3,March,9,6,0,Sunday,True,201103
20110307,2011-03-07,2011,1,3,March,10,7,1,Monday,False,201103
20110308,2011-03-08,2011,1,3,March,10,8,2,Tuesday,False,201103
20110309,2011-03-09,2011,1,3,March,10,9,3,Wednesday,False,201103
20110310,2011-03-10,2011,1,3,March,10,10,4,Thursday,False,201103
20110311,2011-03-11,2011,1,3,March,10,11,5,Friday,False,201103
20110312,2011-03-12,2011,1,3,March,10,12,6,Saturday,True,201103
20110313,2011-03-13,2011,1,3,March,10,13,0,Sunday,True,201103
20110314,2011-03-14,2011,1,3,March,11,14,1,Monday,False,201103
20110315,2011-03-15,2011,1,3,March,11,15,2,Tuesday,False,201103
20110316,2011-03-16,2011,1,3,March,11,16,3,Wednesday,False,201103
20110317,2011-03-17,2011,1,3,March,11,17,4,Thursday,False,201103
20110318,2011-03-18,2011,1,3,March,11,18,5,Friday,False,201103
20110319,2011-03-19,2011,1,3,March,11,19,6,Saturday,True,201103
20110320,2011-03-20,2011,1,3,March,11,20,0,Sunday,True,201103
20110321,2011-03-21,2011,1,3,March,12,21,1,Monday,False,201103
20110322,2011-03-22,2011,1,3,March,12,22,2,Tuesday,False,201103
20110323,2011-03-23,2011,1,3,March,12,23,3,Wednesday,False,201103
20110324,2011-03-24,2011,1,3,March,12,24,4,Thursday,False,201103
20110325,2011-03-25,2011,1,3,March,12,25,5,Friday,False,201103
20110326,2011-03-26,2011,1,3,March,12,26,6,Saturday,True,201103
20110327,2011-03-27,2011,1,3,March,12,27,0,Sunday,True,201103
20110328,2011-03-28,2011,1,3,March,13,28,1,Monday,False,201103
20110329,2011-03-29,2011,1,3,March,13,29,2,Tuesday,False,201103
20110330,2011-03-30,2011,1,3,March,13,30,3,Wednesday,False,201103
20110331,2011-03-31,2011,1,3,March,13,31,4,Thursday,False,201103
20110401,2011-04-01,2011,2,4,April,13,1,5,Friday,False,201104
20110402,2011-04-02,2011,2,4,April,13,2,6,Saturday,True,201104
20110403,2011-04-03,2011,2,4,April,13,3,0,Sunday,True,201104
20110404,2011-04-04,2011,2,4,April,14,4,1,Monday,False,201104
20110405,2011-04-05,2011,2,4,April,14,5,2,Tuesday,False,201104
20110406,2011-04-06,2011,2,4,April,14,6,3,Wednesday,False,201104
20110407,2011-04-07,2011,2,4,April,14,7,4,Thursday,False,201104
20110408,2011-04-08,2011,2,4,April,14,8,5,Friday,False,201104
20110409,2011-04-09,2011,2,4,April,14,9,6,Saturday,True,201104
20110410,2011-04-10,2011,2,4,April,14,10,0,Sunday,True,201104
20110411,2011-04-11,2011,2,4,April,15,11,1,Monday,False,201104
20110412,2011-04-12,2011,2,4,April,15,12,2,Tuesday,False,201104
20110413,2011-04-13,2011,2,4,April,15,13,3,Wednesday,False,201104
20110414,2011-04-14,2011,2,4,April,15,14,4,Thursday,False,201104
20110415,2011-04-15,2011,2,4,April,15,15,5,Friday,False,201104
20110416,2011-04-16,2011,2,4,April,15,16,6,Saturday,True,201104
20110417,2011-04-17,2011,2,4,April,15,17,0,Sunday,True,201104
20110418,2011-04-18,2011,2,4,April,16,18,1,Monday,False,201104
20110419,2011-04-19,2011,2,4,April,16,19,2,Tuesday,False,201104
20110420,2011-04-20,2011,2,4,April,16,20,3,Wednesday,False,201104
20110421,2011-04-21,2011,2,4,April,16,21,4,Thursday,False,201104
20110422,2011-04-22,2011,2,4,April,16,22,5,Friday,False,201104
20110423,2011-04-23,2011,2,4,April,16,23,6,Saturday,True,201104
20110424,2011-04-24,2011,2,4,April,16,24,0,Sunday,True,201104
20110425,2011-04-25,2011,2,4,April,17,25,1,Monday,False,201104
20110426,2011-04-26,2011,2,4,April,17,26,2,Tuesday,False,201104
20110427,2011-04-27,2011,2,4,April,17,27,3,Wednesday,False,201104
20110428,2011-04-28,2011,2,4,April,17,28,4,Thursday,False,201104
20110429,2011-04-29,2011,2,4,April,17,29,5,Friday,False,201104
20110430,2011-04-30,2011,2,4,April,17,30,6,Saturday,True,201104
20110501,2011-05-01,2011,2,5,May,17,1,0,Sunday,True,201105
20110502,2011-05-02,2011,2,5,May,18,2,1,Monday,False,201105
20110503,2011-05-03,2011,2,5,May,18,3,2,Tuesday,False,201105
20110504,2011-05-04,2011,2,5,May,18,4,3,Wednesday,False,201105
20110505,2011-05-05,2011,2,5,May,18,5,4,Thursday,False,201105
20110506,2011-05-06,2011,2,5,May,18,6,5,Friday,False,201105
20110507,2011-05-07,2011,2,5,May,18,7,6,Saturday,True,201105
20110508,2011-05-08,2011,2,5,May,18,8,0,Sunday,True,201105
20110509,2011-05-09,2011,2,5,May,19,9,1,Monday,False,201105
20110510,2011-05-10,2011,2,5,May,19,10,2,Tuesday,False,201105
20110511,2011-05-11,2011,2,5,May,19,11,3,Wednesday,False,201105
20110512,2011-05-12,2011,2,5,May,19,12,4,Thursday,False,201105
20110513,2011-05-13,2011,2,5,May,19,13,5,Friday,False,201105
20110514,2011-05-14,2011,2,5,May,19,14,6,Saturday,True,201105
20110515,2011-05-15,2011,2,5,May,19,15,0,Sunday,True,201105
20110516,2011-05-16,2011,2,5,May,20,16,1,Monday,False,201105
20110517,2011-05-17,2011,2,5,May,20,17,2,Tuesday,False,201105
20110518,2011-05-18,2011,2,5,May,20,18,3,Wednesday,False,201105
20110519,2011-05-19,2011,2,5,May,20,19,4,Thursday,False,201105
20110520,2011-05-20,2011,2,5,May,20,20,5,Friday,False,201105
20110521,2011-05-21,2011,2,5,May,20,21,6,Saturday,True,201105
20110522,2011-05-22,2011,2,5,May,20,22,0,Sunday,True,201105
20110523,2011-05-23,2011,2,5,May,21,23,1,Monday,False,201105
20110524,2011-05-24,2011,2,5,May,21,24,2,Tuesday,False,201105
20110525,2011-05-25,2011,2,5,May,21,25,3,Wednesday,False,201105
20110526,2011-05-26,2011,2,5,May,21,26,4,Thursday,False,201105
20110527,2011-05-27,2011,2,5,May,21,27,5,Friday,False,201105
20110528,2011-05-28,2011,2,5,May,21,28,6,Saturday,True,201105
20110529,2011-05-29,2011,2,5,May,21,29,0,Sunday,True,201105
20110530,2011-05-30,2011,2,5,May,22,30,1,Monday,False,201105
20110531,2011-05-31,2011,2,5,May,22,31,2,Tuesday,False,201105
20110601,2011-06-01,2011,2,6,June,22,1,3,Wednesday,False,201106
20110602,2011-06-02,2011,2,6,June,22,2,4,Thursday,False,201106
20110603,2011-06-03,2011,2,6,June,22,3,5,Friday,False,201106
20110604,2011-06-04,2011,2,6,June,22,4,6,Saturday,True,201106
20110605,2011-06-05,2011,2,6,June,22,5,0,Sunday,True,201106
20110606,2011-06-06,2011,2,6,June,23,6,1,Monday,False,201106
20110607,2011-06-07,2011,2,6,June,23,7,2,Tuesday,False,201106
20110608,2011-06-08,2011,2,6,June,23,8,3,Wednesday,False,201106
20110609,2011-06-09,2011,2,6,June,23,9,4,Thursday,False,201106
20110610,2011-06-10,2011,2,6,June,23,10,5,Friday,False,201106
20110611,2011-06-11,2011,2,6,June,23,11,6,Saturday,True,201106
20110612,2011-06-12,2011,2,6,June,23,12,0,Sunday,True,201106
20110613,2011-06-13,2011,2,6,June,24,13,1,Monday,False,201106
20110614,2011-06-14,2011,2,6,June,24,14,2,Tuesday,False,201106
20110615,2011-06-15,2011,2,6,June,24,15,3,Wednesday,False,201106
20110616,2011-06-16,2011,2,6,June,24,16,4,Thursday,False,201106
20110617,2011-06-17,2011,2,6,June,24,17,5,Friday,False,201106
20110618,2011-06-18,2011,2,6,June,24,18,6,Saturday,True,201106
20110619,2011-06-19,2011,2,6,June,24,19,0,Sunday,True,201106
20110620,2011-06-20,2011,2,6,June,25,20,1,Monday,False,201106
20110621,2011-06-21,2011,2,6,June,25,21,2,Tuesday,False,201106
20110622,2011-06-22,2011,2,6,June,25,22,3,Wednesday,False,201106
20110623,2011-06-23,2011,2,6,June,25,23,4,Thursday,False,201106
20110624,2011-06-24,2011,2,6,June,25,24,5,Friday,False,201106
20110625,2011-06-25,2011,2,6,June,25,25,6,Saturday,True,201106
20110626,2011-06-26,2011,2,6,June,25,26,0,Sunday,True,201106
20110627,2011-06-27,2011,2,6,June,26,27,1,Monday,False,201106
20110628,2011-06-28,2011,2,6,June,26,28,2,Tuesday,False,201106
20110629,2011-06-29,2011,2,6,June,26,29,3,Wednesday,False,201106
20110630,2011-06-30,2011,2,6,June,26,30,4,Thursday,False,201106
20110701,2011-07-01,2011,3,7,July,26,1,5,Friday,False,201107
20110702,2011-07-02,2011,3,7,July,26,2,6,Saturday,True,201107
20110703,2011-07-03,2011,3,7,July,26,3,0,Sunday,True,201107
20110704,2011-07-04,2011,3,7,July,27,4,1,Monday,False,201107
20110705,2011-07-05,2011,3,7,July,27,5,2,Tuesday,False,201107
20110706,2011-07-06,2011,3,7,July,27,6,3,Wednesday,False,201107
20110707,2011-07-07,2011,3,7,July,27,7,4,Thursday,False,201107
20110708,2011-07-08,2011,3,7,July,27,8,5,Friday,False,201107
20110709,2011-07-09,2011,3,7,July,27,9,6,Saturday,True,201107
20110710,2011-07-10,2011,3,7,July,27,10,0,Sunday,True,201107
20110711,2011-07-11,2011,3,7,July,28,11,1,Monday,False,201107
20110712,2011-07-12,2011,3,7,July,28,12,2,Tuesday,False,201107
20110713,2011-07-13,2011,3,7,July,28,13,3,Wednesday,False,201107
20110714,2011-07-14,2011,3,7,July,28,14,4,Thursday,False,201107
20110715,2011-07-15,2011,3,7,July,28,15,5,Friday,False,201107
20110716,2011-07-16,2011,3,7,July,28,16,6,Saturday,True,201107
20110717,2011-07-17,2011,3,7,July,28,17,0,Sunday,True,201107
20110718,2011-07-18,2011,3,7,July,29,18,1,Monday,False,201107
20110719,2011-07-19,2011,3,7,July,29,19,2,Tuesday,False,201107
20110720,2011-07-20,2011,3,7,July,29,20,3,Wednesday,False,201107
20110721,2011-07-21,2011,3,7,July,29,21,4,Thursday,False,201107
20110722,2011-07-22,2011,3,7,July,29,22,5,Friday,False,201107
20110723,2011-07-23,2011,3,7,July,29,23,6,Saturday,True,201107
20110724,2011-07-24,2011,3,7,July,29,24,0,Sunday,True,201107
20110725,2011-07-25,2011,3,7,July,30,25,1,Monday,False,201107
20110726,2011-07-26,2011,3,7,July,30,26,2,Tuesday,False,201107
20110727,2011-07-27,2011,3,7,July,30,27,3,Wednesday,False,201107
20110728,2011-07-28,2011,3,7,July,30,28,4,Thursday,False,201107
20110729,2011-07-29,2011,3,7,July,30,29,5,Friday,False,201107
20110730,2011-07-30,2011,3,7,July,30,30,6,Saturday,True,201107
20110731,2011-07-31,2011,3,7,July,30,31,0,Sunday,True,201107
20110801,2011-08-01,2011,3,8,August,31,1,1,Monday,False,201108
20110802,2011-08-02,2011,3,8,August,31,2,2,Tuesday,False,201108
20110803,2011-08-03,2011,3,8,August,31,3,3,Wednesday,False,201108
20110804,2011-08-04,2011,3,8,August,31,4,4,Thursday,False,201108
20110805,2011-08-05,2011,3,8,August,31,5,5,Friday,False,201108
20110806,2011-08-06,2011,3,8,August,31,6,6,Saturday,True,201108
20110807,2011-08-07,2011,3,8,August,31,7,0,Sunday,True,201108
20110808,2011-08-08,2011,3,8,August,32,8,1,Monday,False,201108
20110809,2011-08-09,2011,3,8,August,32,9,2,Tuesday,False,201108
20110810,2011-08-10,2011,3,8,August,32,10,3,Wednesday,False,201108
20110811,2011-08-11,2011,3,8,August,32,11,4,Thursday,False,201108
20110812,2011-08-12,2011,3,8,August,32,12,5,Friday,False,201108
20110813,2011-08-13,2011,3,8,August,32,13,6,Saturday,True,201108
20110814,2011-08-14,2011,3,8,August,32,14,0,Sunday,True,201108
20110815,2011-08-15,2011,3,8,August,33,15,1,Monday,False,201108
20110816,2011-08-16,2011,3,8,August,33,16,2,Tuesday,False,201108
20110817,2011-08-17,2011,3,8,August,33,17,3,Wednesday,False,201108
20110818,2011-08-18,2011,3,8,August,33,18,4,Thursday,False,201108
20110819,2011-08-19,2011,3,8,August,33,19,5,Friday,False,201108
20110820,2011-08-20,2011,3,8,August,33,20,6,Saturday,True,201108
20110821,2011-08-21,2011,3,8,August,33,21,0,Sunday,True,201108
20110822,2011-08-22,2011,3,8,August,34,22,1,Monday,False,201108
20110823,2011-08-23,2011,3,8,August,34,23,2,Tuesday,False,201108
20110824,2011-08-24,2011,3,8,August,34,24,3,Wednesday,False,201108
20110825,2011-08-25,2011,3,8,August,34,25,4,Thursday,False,201108
20110826,2011-08-26,2011,3,8,August,34,26,5,Friday,False,201108
20110827,2011-08-27,2011,3,8,August,34,27,6,Saturday,True,201108
20110828,2011-08-28,2011,3,8,August,34,28,0,Sunday,True,201108
20110829,2011-08-29,2011,3,8,August,35,29,1,Monday,False,201108
20110830,2011-08-30,2011,3,8,August,35,30,2,Tuesday,False,201108
20110831,2011-08-31,2011,3,8,August,35,31,3,Wednesday,False,201108
20110901,2011-09-01,2011,3,9,September,35,1,4,Thursday,False,201109
20110902,2011-09-02,2011,3,9,September,35,2,5,Friday,False,201109
20110903,2011-09-03,2011,3,9,September,35,3,6,Saturday,True,201109
20110904,2011-09-04,2011,3,9,September,35,4,0,Sunday,True,201109
20110905,2011-09-05,2011,3,9,September,36,5,1,Monday,False,201109
20110906,2011-09-06,2011,3,9,September,36,6,2,Tuesday,False,201109
20110907,2011-09-07,2011,3,9,September,36,7,3,Wednesday,False,201109
20110908,2011-09-08,2011,3,9,September,36,8,4,Thursday,False,201109
20110909,2011-09-09,2011,3,9,September,36,9,5,Friday,False,201109
20110910,2011-09-10,2011,3,9,September,36,10,6,Saturday,True,201109
20110911,2011-09-11,2011,3,9,September,36,11,0,Sunday,True,201109
20110912,2011-09-12,2011,3,9,September,37,12,1,Monday,False,201109
20110913,2011-09-13,2011,3,9,September,37,13,2,Tuesday,False,201109
20110914,2011-09-14,2011,3,9,September,37,14,3,Wednesday,False,201109
20110915,2011-09-15,2011,3,9,September,37,15,4,Thursday,False,201109
20110916,2011-09-16,2011,3,9,September,37,16,5,Friday,False,201109
20110917,2011-09-17,2011,3,9,September,37,17,6,Saturday,True,201109
20110918,2011-09-18,2011,3,9,September,37,18,0,Sunday,True,201109
20110919,2011-09-19,2011,3,9,September,38,19,1,Monday,False,201109
20110920,2011-09-20,2011,3,9,September,38,20,2,Tuesday,False,201109
20110921,2011-09-21,2011,3,9,September,38,21,3,Wednesday,False,201109
20110922,2011-09-22,2011,3,9,September,38,22,4,Thursday,False,201109
20110923,2011-09-23,2011,3,9,September,38,23,5,Friday,False,201109
20110924,2011-09-24,2011,3,9,September,38,24,6,Saturday,True,201109
20110925,2011-09-25,2011,3,9,September,38,25,0,Sunday,True,201109
20110926,2011-09-26,2011,3,9,September,39,26,1,Monday,False,201109
20110927,2011-09-27,2011,3,9,September,39,27,2,Tuesday,False,201109
20110928,2011-09-28,2011,3,9,September,39,28,3,Wednesday,False,201109
20110929,2011-09-29,2011,3,9,September,39,29,4,Thursday,False,201109
20110930,2011-09-30,2011,3,9,September,39,30,5,Friday,False,201109
20111001,2011-10-01,2011,4,10,October,39,1,6,Saturday,True,201110
20111002,2011-10-02,2011,4,10,October,39,2,0,Sunday,True,201110
20111003,2011-10-03,2011,4,10,October,40,3,1,Monday,False,201110
20111004,2011-10-04,2011,4,10,October,40,4,2,Tuesday,False,201110
20111005,2011-10-05,2011,4,10,October,40,5,3,Wednesday,False,201110
20111006,2011-10-06,2011,4,10,October,40,6,4,Thursday,False,201110
20111007,2011-10-07,2011,4,10,October,40,7,5,Friday,False,201110
20111008,2011-10-08,2011,4,10,October,40,8,6,Saturday,True,201110
20111009,2011-10-09,2011,4,10,October,40,9,0,Sunday,True,201110
20111010,2011-10-10,2011,4,10,October,41,10,1,Monday,False,201110
20111011,2011-10-11,2011,4,10,October,41,11,2,Tuesday,False,201110
20111012,2011-10-12,2011,4,10,October,41,12,3,Wednesday,False,201110
20111013,2011-10-13,2011,4,10,October,41,13,4,Thursday,False,201110
20111014,2011-10-14,2011,4,10,October,41,14,5,Friday,False,201110
20111015,2011-10-15,2011,4,10,October,41,15,6,Saturday,True,201110
20111016,2011-10-16,2011,4,10,October,41,16,0,Sunday,True,201110
20111017,2011-10-17,2011,4,10,October,42,17,1,Monday,False,201110
20111018,2011-10-18,2011,4,10,October,42,18,2,Tuesday,False,201110
20111019,2011-10-19,2011,4,10,October,42,19,3,Wednesday,False,201110
20111020,2011-10-20,2011,4,10,October,42,20,4,Thursday,False,201110
20111021,2011-10-21,2011,4,10,October,42,21,5,Friday,False,201110
20111022,2011-10-22,2011,4,10,October,42,22,6,Saturday,True,201110
20111023,2011-10-23,2011,4,10,October,42,23,0,Sunday,True,201110
20111024,2011-10-24,2011,4,10,October,43,24,1,Monday,False,201110
20111025,2011-10-25,2011,4,10,October,43,25,2,Tuesday,False,201110
20111026,2011-10-26,2011,4,10,October,43,26,3,Wednesday,False,201110
20111027,2011-10-27,2011,4,10,October,43,27,4,Thursday,False,201110
20111028,2011-10-28,2011,4,10,October,43,28,5,Friday,False,201110
20111029,2011-10-29,2011,4,10,October,43,29,6,Saturday,True,201110
20111030,2011-10-30,2011,4,10,October,43,30,0,Sunday,True,201110
20111031,2011-10-31,2011,4,10,October,44,31,1,Monday,False,201110
20111101,2011-11-01,2011,4,11,November,44,1,2,Tuesday,False,201111
20111102,2011-11-02,2011,4,11,November,44,2,3,Wednesday,False,201111
20111103,2011-11-03,2011,4,11,November,44,3,4,Thursday,False,201111
20111104,2011-11-04,2011,4,11,November,44,4,5,Friday,False,201111
20111105,2011-11-05,2011,4,11,November,44,5,6,Saturday,True,201111
20111106,2011-11-06,2011,4,11,November,44,6,0,Sunday,True,201111
20111107,2011-11-07,2011,4,11,November,45,7,1,Monday,False,201111
20111108,2011-11-08,2011,4,11,November,45,8,2,Tuesday,False,201111
20111109,2011-11-09,2011,4,11,November,45,9,3,Wednesday,False,201111
20111110,2011-11-10,2011,4,11,November,45,10,4,Thursday,False,201111
20111111,2011-11-11,2011,4,11,November,45,11,5,Friday,False,201111
20111112,2011-11-12,2011,4,11,November,45,12,6,Saturday,True,201111
20111113,2011-11-13,2011,4,11,November,45,13,0,Sunday,True,201111
20111114,2011-11-14,2011,4,11,November,46,14,1,Monday,False,201111
20111115,2011-11-15,2011,4,11,November,46,15,2,Tuesday,False,201111
20111116,2011-11-16,2011,4,11,November,46,16,3,Wednesday,False,201111
20111117,2011-11-17,2011,4,11,November,46,17,4,Thursday,False,201111
20111118,2011-11-18,2011,4,11,November,46,18,5,Friday,False,201111
20111119,2011-11-19,2011,4,11,November,46,19,6,Saturday,True,201111
20111120,2011-11-20,2011,4,11,November,46,20,0,Sunday,True,201111
20111121,2011-11-21,2011,4,11,November,47,21,1,Monday,False,201111
20111122,2011-11-22,2011,4,11,November,47,22,2,Tuesday,False,201111
20111123,2011-11-23,2011,4,11,November,47,23,3,Wednesday,False,201111
20111124,2011-11-24,2011,4,11,November,47,24,4,Thursday,False,201111
20111125,2011-11-25,2011,4,11,November,47,25,5,Friday,False,201111
20111126,2011-11-26,2011,4,11,November,47,26,6,Saturday,True,201111
20111127,2011-11-27,2011,4,11,November,47,27,0,Sunday,True,201111
20111128,2011-11-28,2011,4,11,November,48,28,1,Monday,False,201111
20111129,2011-11-29,2011,4,11,November,48,29,2,Tuesday,False,201111
20111130,2011-11-30,2011,4,11,November,48,30,3,Wednesday,False,201111
20111201,2011-12-01,2011,4,12,December,48,1,4,Thursday,False,201112
20111202,2011-12-02,2011,4,12,December,48,2,5,Friday,False,201112
20111203,2011-12-03,2011,4,12,December,48,3,6,Saturday,True,201112
20111204,2011-12-04,2011,4,12,December,48,4,0,Sunday,True,201112
20111205,2011-12-05,2011,4,12,December,49,5,1,Monday,False,201112
20111206,2011-12-06,2011,4,12,December,49,6,2,Tuesday,False,201112
20111207,2011-12-07,2011,4,12,December,49,7,3,Wednesday,False,201112
20111208,2011-12-08,2011,4,12,December,49,8,4,Thursday,False,201112
20111209,2011-12-09,2011,4,12,December,49,9,5,Friday,False,201112
