Year,Month,YearMonthKey,MonthStart,SoHoaDon,SoKhachHang,DoanhThu,AOV
2009,12,200912,2009-12-01,1489,951,665810.0,447.15
2010,1,201001,2010-01-04,948,697,524432.0,553.2
2010,2,201002,2010-02-01,1078,767,485028.0,449.93
2010,3,201003,2010-03-01,1495,1046,653881.0,437.38
2010,4,201004,2010-04-01,1306,936,562759.0,430.9
2010,5,201005,2010-05-02,1352,962,568912.0,420.79
2010,6,201006,2010-06-01,1466,1033,604558.0,412.39
2010,7,201007,2010-07-01,1342,921,558056.0,415.84
2010,8,201008,2010-08-01,1267,907,570599.0,450.35
2010,9,201009,2010-09-01,1641,1128,784772.0,478.23
2010,10,201010,2010-10-01,2086,1486,979635.0,469.62
2010,11,201011,2010-11-01,2550,1601,1117603.0,438.28
2010,12,201012,2010-12-01,1385,883,553413.0,399.58
2011,1,201101,2011-01-04,972,736,453930.0,467.01
2011,2,201102,2011-02-01,986,755,436239.0,442.43
2011,3,201103,2011-03-01,1299,968,569356.0,438.3
2011,4,201104,2011-04-01,1127,848,447197.0,396.8
2011,5,201105,2011-05-01,1526,1050,649583.0,425.68
2011,6,201106,2011-06-01,1374,986,602524.0,438.52
2011,7,201107,2011-07-01,1313,945,580011.0,441.74
2011,8,201108,2011-08-01,1262,933,621376.0,492.37
2011,9,201109,2011-09-01,1724,1252,923761.0,535.82
2011,10,201110,2011-10-02,1878,1356,960962.0,511.69
2011,11,201111,2011-11-01,2630,1656,1119974.0,425.85
2011,12,201112,2011-12-01,771,610,342871.0,444.71
